{"bounding boxes":[{"center":{"x":-2.9580141270457387,"y":1.6981649866766613,"z":-0.13765254616737366},"width":0.7602598100272502,"length":0.4186926976810761,"height":1.6109680533409119,"angle":0,"object_id":"pedestrian"}]}