{"bounding boxes":[{"center":{"x":-2.3563008065686066,"y":-0.8368859701317016,"z":-0.05531734228134155},"width":0.4713787346248277,"length":0.5068207673415313,"height":1.298376202583313,"angle":0,"object_id":"pedestrian"},{"center":{"x":-3.7902748794629835,"y":1.884453768017407,"z":-0.32008126378059387},"width":0.5799502563179808,"length":0.7042251718276247,"height":1.6809267401695251,"angle":0,"object_id":"pedestrian"}]}