{"bounding boxes":[{"center":{"x":-2.4861457046611566,"y":-1.1876684901704353,"z":-0.07600611448287964},"width":0.6407360928706995,"length":0.520856424325469,"height":1.3874434232711792,"angle":0,"object_id":"pedestrian"},{"center":{"x":-3.965454244814789,"y":2.048440021693852,"z":-0.3074847161769867},"width":0.7240033755229004,"length":0.45393293407399,"height":1.6947317719459534,"angle":0.5404203437400026,"object_id":"pedestrian"}]}