{"bounding boxes":[{"center":{"x":-2.416394241513939,"y":-1.48332100420006,"z":-0.08063140511512756},"width":0.438882350122956,"length":0.552259243653977,"height":1.4920732378959656,"angle":-0.8156898180444329,"object_id":"pedestrian"},{"center":{"x":-4.087812265452968,"y":2.1222485039272967,"z":-0.29910585284233093},"width":0.6653577585756961,"length":0.48214304805169633,"height":1.7135599255561829,"angle":0.36896028547162535,"object_id":"pedestrian"}]}