{"bounding boxes":[{"center":{"x":-2.4219105363059317,"y":-1.621405792667773,"z":-0.07047975063323975},"width":0.46876177758383,"length":0.505131303848188,"height":1.5527523756027222,"angle":-0.8621677075407391,"object_id":"pedestrian"},{"center":{"x":-4.108430604208149,"y":2.212734926468648,"z":-0.37776483595371246},"width":0.684653323503226,"length":0.4542485335811676,"height":1.569564312696457,"angle":0.9808242890256503,"object_id":"pedestrian"}]}