{"bounding boxes":[{"center":{"x":-2.451925774266656,"y":-1.9264560723981277,"z":-0.12152466177940369},"width":0.5253929322159614,"length":0.5484871436833356,"height":1.4703328013420105,"angle":0,"object_id":"pedestrian"},{"center":{"x":-4.199651274210675,"y":2.2688743202121326,"z":-0.37572379410266876},"width":0.728040604716574,"length":0.5113904204017177,"height":1.5745464265346527,"angle":0.49690345157325094,"object_id":"pedestrian"}]}