{"bounding boxes":[{"center":{"x":-2.3565077096667597,"y":-2.1293983379753563,"z":-0.13605627417564392},"width":0.5351743387295849,"length":0.482011344263348,"height":1.5230563282966614,"angle":0,"object_id":"pedestrian"},{"center":{"x":-4.359769967597641,"y":2.340520273067715,"z":-0.37374499440193176},"width":0.7867852520954743,"length":0.5367979157837701,"height":1.5929006934165955,"angle":0,"object_id":"pedestrian"}]}