{"bounding boxes":[{"center":{"x":-2.32826193911348,"y":-2.224712668800948,"z":-0.147986501455307},"width":0.497233710419966,"length":0.6629786814512051,"height":1.5675241351127625,"angle":0,"object_id":"pedestrian"},{"center":{"x":-4.382314089686197,"y":2.2503991865556503,"z":-0.37242943048477173},"width":0.8050460021532316,"length":0.4617169349167591,"height":1.6000310182571411,"angle":0.4993469783208722,"object_id":"pedestrian"}]}