{"bounding boxes":[{"center":{"x":-2.2780112318517025,"y":-2.302491143297938,"z":-0.13202092051506042},"width":0.41933655706285305,"length":0.6375483891410528,"height":1.5394092202186584,"angle":0.5114207179666476,"object_id":"pedestrian"},{"center":{"x":-4.255360665605464,"y":2.2562156694440496,"z":-0.3751029670238495},"width":0.6985668683971407,"length":0.6059421842232339,"height":1.5910845398902893,"angle":0.42331138904876553,"object_id":"pedestrian"}]}