{"bounding boxes":[{"center":{"x":-2.2328813491179877,"y":-2.5311237427076123,"z":-0.14960741996765137},"width":0.559866491807235,"length":0.7715548221049111,"height":1.5715292692184448,"angle":0.5424315935011157,"object_id":"pedestrian"},{"center":{"x":-4.031992458637209,"y":2.1212352141000763,"z":-0.3764256238937378},"width":0.7598495510570368,"length":0.5074992842816192,"height":1.5640969276428223,"angle":0.9850155455421368,"object_id":"pedestrian"}]}