{"bounding boxes":[{"center":{"x":-2.1323963262971635,"y":-2.4162275451118815,"z":-0.1515570878982544},"width":0.7488992700755084,"length":0.6522673074972181,"height":1.5624535083770752,"angle":0,"object_id":"pedestrian"},{"center":{"x":-3.6674951079803266,"y":2.0556782971137895,"z":-0.31633469462394714},"width":0.7727506070917245,"length":0.5408472089162024,"height":1.6822081208229065,"angle":0.880759979329152,"object_id":"pedestrian"}]}