{"bounding boxes":[{"center":{"x":-4.560836745381362,"y":0.787270167411652,"z":-0.4032977372407913},"width":0.4723732130826379,"length":0.38802090917269694,"height":1.6356209218502045,"angle":0,"object_id":"pedestrian"},{"center":{"x":-4.431495967469301,"y":2.066614727014088,"z":-0.36831898987293243},"width":0.5398540733086803,"length":0.7535466455959854,"height":1.606452316045761,"angle":-0.17985182839606423,"object_id":"pedestrian"}]}