{"bounding boxes":[{"center":{"x":-2.0304466294183734,"y":-2.4124223075354134,"z":-0.15979021787643433},"width":0.86460359274004,"length":0.7205030528443657,"height":1.5377050638198853,"angle":0,"object_id":"pedestrian"},{"center":{"x":-3.3731884739185416,"y":2.1370326450482797,"z":-0.33419162034988403},"width":0.5564397231482099,"length":0.6202353972417416,"height":1.6257888078689575,"angle":0,"object_id":"pedestrian"}]}