{"bounding boxes":[{"center":{"x":-1.9151934304640277,"y":-2.245627464154988,"z":-0.05957046151161194},"width":0.6485886734448356,"length":0.5918814975829025,"height":1.4886429905891418,"angle":0,"object_id":"pedestrian"},{"center":{"x":-2.900794640181999,"y":2.064577513034412,"z":-0.24318882822990417},"width":0.6090238734312647,"length":0.9389118113023815,"height":1.3750489354133606,"angle":0,"object_id":"pedestrian"}]}