{"bounding boxes":[{"center":{"x":-1.9019399280532787,"y":-2.1158772553592864,"z":-0.06646868586540222},"width":0.8050465799874142,"length":0.5505097605797022,"height":1.410659372806549,"angle":0,"object_id":"pedestrian"},{"center":{"x":-2.5586754596970147,"y":2.0358100611062984,"z":-0.19104799628257751},"width":0.4377078373514087,"length":0.6801312449654457,"height":1.4089317917823792,"angle":0,"object_id":"pedestrian"}]}