{"bounding boxes":[{"center":{"x":-1.813121180006043,"y":-1.838519794004752,"z":0.016046792268753052},"width":0.7088036563629729,"length":0.5708243503116603,"height":1.3251535296440125,"angle":0,"object_id":"pedestrian"},{"center":{"x":-2.2075307595630136,"y":1.9985675428581104,"z":-0.1516290307044983},"width":0.8701606225517273,"length":0.8642412561633943,"height":1.4297943115234375,"angle":0,"object_id":"pedestrian"}]}