{"bounding boxes":[{"center":{"x":-4.870930668605846,"y":2.224112050199926,"z":-0.23747941851615906},"width":0.6511409736856711,"length":0.976711542301871,"height":1.7750609517097473,"angle":-0.3681553892040765,"object_id":"pedestrian"},{"center":{"x":-5.979620447092151,"y":1.6937464957722153,"z":-0.42082615196704865},"width":0.5680026270116583,"length":1.0393107808635254,"height":1.509877771139145,"angle":-0.043819291851434905,"object_id":"pedestrian"}]}