{"bounding boxes":[{"center":{"x":-1.6869050267584582,"y":-1.6454628009337635,"z":-0.012423306703567505},"width":0.6511406116279859,"length":0.5860266139474679,"height":1.2878835797309875,"angle":0,"object_id":"pedestrian"},{"center":{"x":-1.7401799528190365,"y":1.992044789752668,"z":-0.05955043435096741},"width":0.6393016252146939,"length":1.0181470608415666,"height":1.3230388760566711,"angle":0,"object_id":"pedestrian"}]}