{"bounding boxes":[{"center":{"x":-3.352594284720224,"y":2.3449558675886406,"z":-0.23231160640716553},"width":0.7037063929585166,"length":0.5430394785516608,"height":1.770538091659546,"angle":0.4159456716624974,"object_id":"pedestrian"},{"center":{"x":-5.412233189482961,"y":0.4041332939850054,"z":-0.3225625006501468},"width":3.9003269518693373,"length":1.9385974088688873,"height":1.7173751894345697,"angle":-0.5457222728193379,"object_id":"car"}]}