{"bounding boxes":[{"center":{"x":-2.8838780824025187,"y":1.6312344841057649,"z":-0.1581239104270935},"width":0.41337815356275665,"length":0.706876670179286,"height":1.5679547786712646,"angle":-0.306796157782037,"object_id":"pedestrian"},{"center":{"x":-4.3123078560394745,"y":-1.5856613325934017,"z":-0.4025522321462631},"width":4.381368244201151,"length":1.8912275022272438,"height":1.5577814877033234,"angle":2.205075669402942,"object_id":"car"}]}