{"bounding boxes":[{"center":{"x":-2.172314707750652,"y":0.9819742879741542,"z":-0.009317487478256226},"width":0.5109083169246755,"length":0.7939791417291614,"height":1.2588958144187927,"angle":0,"object_id":"pedestrian"},{"center":{"x":-3.851187036585645,"y":-3.899489810844775,"z":-0.38866256177425385},"width":2.057979139615258,"length":4.2543815285389,"height":1.716166764497757,"angle":0.2634686169214003,"object_id":"car"}]}