{"bounding boxes":[{"center":{"x":-1.1428010202629917,"y":1.2304306902673738,"z":-0.016823232173919678},"width":0.4060147311674768,"length":0.5024435003958457,"height":0.9778183698654175,"angle":0,"object_id":"pedestrian"},{"center":{"x":-3.3569678324570287,"y":-6.031561856850452,"z":-0.20452573895454407},"width":1.8196644748796273,"length":3.9060051139699707,"height":1.6379474997520447,"angle":0.18534826758205614,"object_id":"car"}]}