{"bounding boxes":[{"center":{"x":-4.5872189807119685,"y":0.679952532466167,"z":-0.4065673351287842},"width":0.28037279001015086,"length":0.49595753694504147,"height":1.645646333694458,"angle":-0.5911503058791964,"object_id":"pedestrian"},{"center":{"x":-4.56067427485519,"y":2.119517040172498,"z":-0.36008983850479126},"width":0.4431767129592784,"length":0.6734421123865506,"height":1.6238104104995728,"angle":0.3157802144420498,"object_id":"pedestrian"}]}