{"bounding boxes":[{"center":{"x":-3.2009803835649806,"y":-8.255161748778058,"z":-0.41059166193008423},"width":1.9992083964794516,"length":4.335363802540511,"height":2.1989413499832153,"angle":0.1359979099314459,"object_id":"car"},{"center":{"x":-1.0084739882620959,"y":1.5624253915236443,"z":-0.00647050142288208},"width":0.5777044351418494,"length":0.5387183274902594,"height":1.02544105052948,"angle":0,"object_id":"pedestrian"}]}