{"bounding boxes":[{"center":{"x":-1.7165997370579589,"y":1.8385037093044978,"z":-0.017858505249023438},"width":0.6807378990452277,"length":0.8109660894527031,"height":1.3515530824661255,"angle":0,"object_id":"car"}]}