{"bounding boxes":[{"center":{"x":-1.849079429004982,"y":2.267487309350328,"z":-0.06503915786743164},"width":0.7344032985732263,"length":0.688503268680912,"height":1.4042010307312012,"angle":0,"object_id":"pedestrian"},{"center":{"x":-4.430971043315693,"y":1.8735089093302395,"z":-0.3523157835006714},"width":1.1771807984299252,"length":0.6510776596104367,"height":1.5538771152496338,"angle":0.7405303880292043,"object_id":"pedestrian"}]}