{"bounding boxes":[{"center":{"x":-2.5220521998647714,"y":1.5051181102240676,"z":-0.13817766308784485},"width":0.6205394414415966,"length":0.7689911807218729,"height":1.184926688671112,"angle":-0.6998905111722087,"object_id":"pedestrian"},{"center":{"x":-1.818408773161265,"y":2.150152397703452,"z":-0.05720221996307373},"width":0.5187638945715255,"length":0.6075291279923636,"height":1.4416157007217407,"angle":-0.8910639768790756,"object_id":"pedestrian"}]}