{"bounding boxes":[{"center":{"x":-2.6375100295338756,"y":2.1311333784033755,"z":-0.13186219334602356},"width":0.6868571082320183,"length":0.884588686444181,"height":1.6070197224617004,"angle":0,"object_id":"pedestrian"}]}