{"bounding boxes":[{"center":{"x":-5.198088689559858,"y":2.1028364390973247,"z":-0.3167070299386978},"width":0.6599105725535906,"length":0.4991314429662345,"height":1.6318702399730682,"angle":0.5577095472158378,"object_id":"pedestrian"}]}