{"bounding boxes":[{"center":{"x":-5.255067949383456,"y":2.012972525164916,"z":-0.34615981578826904},"width":0.7891620196829789,"length":0.8696888778179142,"height":1.6775281429290771,"angle":0,"object_id":"pedestrian"}]}