{"bounding boxes":[{"center":{"x":-5.3458502050866485,"y":1.9617500048391496,"z":-0.318602979183197},"width":0.4700315315934443,"length":0.8012741212676913,"height":1.6028915643692017,"angle":-0.6659692722001601,"object_id":"pedestrian"}]}