{"bounding boxes":[{"center":{"x":-5.2756939311707285,"y":1.8135925399121051,"z":-0.31432053446769714},"width":0.3671183485094543,"length":0.6844768513425359,"height":1.6068771481513977,"angle":-0.8486221512798033,"object_id":"pedestrian"}]}