{"bounding boxes":[{"center":{"x":-5.221737732173216,"y":1.8103908061293552,"z":-0.32000932097435},"width":0.5135138576784845,"length":0.7322280483536285,"height":1.6046584248542786,"angle":-0.7266392051402074,"object_id":"pedestrian"}]}