{"bounding boxes":[{"center":{"x":-4.637084893844211,"y":0.716782481320215,"z":-0.4047476649284363},"width":0.3633235865671469,"length":0.5524381627378026,"height":1.6451445817947388,"angle":-0.4576555849824696,"object_id":"pedestrian"},{"center":{"x":-4.736484505446121,"y":2.0350491335716665,"z":-0.35485221445560455},"width":0.4408859073413561,"length":0.7627044878185657,"height":1.6387846171855927,"angle":0.4431018372954257,"object_id":"pedestrian"}]}