{"bounding boxes":[{"center":{"x":-5.202367154052396,"y":1.6122023203049811,"z":-0.3706752210855484},"width":0.5860117946212732,"length":0.7640443918409084,"height":1.6854214370250702,"angle":-0.5404194881992163,"object_id":"pedestrian"}]}