{"bounding boxes":[{"center":{"x":-5.136816162660226,"y":1.6856135617326506,"z":-0.3665837496519089},"width":0.550952847698466,"length":0.878900959131323,"height":1.672009140253067,"angle":0.008181231038940905,"object_id":"pedestrian"}]}