{"bounding boxes":[{"center":{"x":-5.104181072191527,"y":1.5782405859506694,"z":-0.3900989294052124},"width":0.5386702291087317,"length":0.8819991482705294,"height":1.7005624771118164,"angle":0,"object_id":"pedestrian"}]}