{"bounding boxes":[{"center":{"x":-5.052365713892507,"y":1.5743225173908006,"z":-0.38436800241470337},"width":0.5744130653314349,"length":0.8276081304901292,"height":1.6814309358596802,"angle":0.0818123086768614,"object_id":"pedestrian"}]}