{"bounding boxes":[{"center":{"x":-4.974972913653234,"y":1.5380139909004074,"z":-0.388703390955925},"width":0.41669970917092236,"length":0.7853195777531556,"height":1.6754595339298248,"angle":0,"object_id":"pedestrian"}]}