{"bounding boxes":[{"center":{"x":-4.8120585841888746,"y":1.5307439160405982,"z":-0.3788609802722931},"width":0.47546514089751746,"length":0.7746348809340435,"height":1.6348573565483093,"angle":0,"object_id":"pedestrian"}]}