{"bounding boxes":[{"center":{"x":-4.6340095088308795,"y":1.5994973756616209,"z":-0.29348519444465637},"width":0.6395441906702803,"length":0.9157109544341617,"height":1.8241879343986511,"angle":0,"object_id":"pedestrian"}]}