{"bounding boxes":[{"center":{"x":-4.680349151154788,"y":1.6367460089397534,"z":-0.29442864656448364},"width":0.48924256476034667,"length":0.8210288082458639,"height":1.7812269926071167,"angle":0.11453723228086127,"object_id":"pedestrian"}]}