{"bounding boxes":[{"center":{"x":-4.5852162680709725,"y":1.6195859290750725,"z":-0.3130897879600525},"width":0.4821430015832717,"length":0.9236855698856049,"height":1.7922254800796509,"angle":0.008181230779144797,"object_id":"pedestrian"}]}