{"bounding boxes":[{"center":{"x":-4.458162736602114,"y":1.6616096266603995,"z":-0.3069874346256256},"width":0.5353439357060943,"length":0.7987990078593951,"height":1.7619840502738953,"angle":-0.1063560014075607,"object_id":"pedestrian"}]}