{"bounding boxes":[{"center":{"x":-4.732964267899428,"y":0.6333943242933601,"z":-0.4062133878469467},"width":0.3934115941071603,"length":0.4219564236180548,"height":1.648424655199051,"angle":0,"object_id":"pedestrian"},{"center":{"x":-4.833228458601512,"y":2.1216654241678516,"z":-0.3508289307355881},"width":0.2696531989919124,"length":0.4772622668159437,"height":1.645031601190567,"angle":0.38962564208422257,"object_id":"pedestrian"}]}