{"bounding boxes":[{"center":{"x":-4.341770985665439,"y":1.6221289881335008,"z":-0.31568416953086853},"width":0.44818811400928826,"length":0.8006475412383105,"height":1.7559786438941956,"angle":0,"object_id":"pedestrian"}]}