{"bounding boxes":[{"center":{"x":-4.265642580580339,"y":1.6771619857305649,"z":-0.3078164756298065},"width":0.42903506144779957,"length":0.6342258010412825,"height":1.716844379901886,"angle":0,"object_id":"pedestrian"}]}