{"bounding boxes":[{"center":{"x":-4.070260360456385,"y":1.6480383450366916,"z":-0.312081903219223},"width":0.41760393712377575,"length":0.5857466918728385,"height":1.708313524723053,"angle":0.3052232453561459,"object_id":"pedestrian"}]}