{"bounding boxes":[{"center":{"x":-4.017764270184257,"y":1.6647663615001698,"z":-0.31643903255462646},"width":0.41977248351831964,"length":0.62965925880376,"height":1.697528600692749,"angle":0,"object_id":"pedestrian"}]}