{"bounding boxes":[{"center":{"x":-3.8425293190832086,"y":1.7263314491030912,"z":-0.32061395049095154},"width":0.4671965461396126,"length":0.6366702419496144,"height":1.6829670071601868,"angle":0,"object_id":"pedestrian"}]}