{"bounding boxes":[{"center":{"x":-3.8560686069421566,"y":1.8324570361608392,"z":-0.24710950255393982},"width":0.5582719806729681,"length":0.7359039962720861,"height":1.8320465683937073,"angle":0,"object_id":"pedestrian"}]}