{"bounding boxes":[{"center":{"x":-3.6878710983826695,"y":1.7597149587005458,"z":-0.24912911653518677},"width":0.3747637591194617,"length":0.544239519475765,"height":1.8073018789291382,"angle":0,"object_id":"pedestrian"}]}