{"bounding boxes":[{"center":{"x":-3.6051608676984572,"y":1.8619720403132927,"z":-0.2574799358844757},"width":0.39378573893041935,"length":0.6047035462388259,"height":1.7864591479301453,"angle":0,"object_id":"pedestrian"}]}