{"bounding boxes":[{"center":{"x":-3.532119525850579,"y":1.9413989873074944,"z":-0.2658790349960327},"width":0.4946786949165687,"length":0.7145364189051373,"height":1.7675902843475342,"angle":0,"object_id":"pedestrian"}]}