{"bounding boxes":[{"center":{"x":-3.388401409398999,"y":1.9427977615414962,"z":-0.2683507800102234},"width":0.4692372319593239,"length":0.746599992338516,"height":1.7512587308883667,"angle":0,"object_id":"pedestrian"}]}