{"bounding boxes":[{"center":{"x":-4.663148820315888,"y":0.6134763717072704,"z":-0.40822330117225647},"width":0.22102106709415903,"length":0.5478516570130152,"height":1.6423344016075134,"angle":0,"object_id":"pedestrian"},{"center":{"x":-5.015942175287845,"y":2.047951208483486,"z":-0.2970157414674759},"width":0.3538712430114798,"length":0.6131025320770466,"height":1.5666895806789398,"angle":-2.647400035593569,"object_id":"pedestrian"}]}