{"bounding boxes":[{"center":{"x":-3.2920743799800736,"y":2.000454638374694,"z":-0.2720085382461548},"width":0.5670723128392914,"length":0.7513708452471657,"height":1.7398021221160889,"angle":0,"object_id":"pedestrian"}]}