{"bounding boxes":[{"center":{"x":-4.6725820725113065,"y":0.45558183480121445,"z":-0.4130854904651642},"width":0.41834451868592215,"length":0.4565175137033544,"height":1.639856994152069,"angle":-0.29128906390889775,"object_id":"pedestrian"},{"center":{"x":-5.220099620628833,"y":2.062149934514685,"z":-0.28888191282749176},"width":0.3400187752638155,"length":0.529618565853688,"height":1.5776145160198212,"angle":0,"object_id":"pedestrian"}]}