{"bounding boxes":[{"center":{"x":-4.586090061260733,"y":0.3664450774503739,"z":-0.3303263485431671},"width":0.4093781753425027,"length":0.5208550416840543,"height":1.8115867972373962,"angle":-0.40165536127200563,"object_id":"pedestrian"},{"center":{"x":-5.335916339838746,"y":2.0267192964357803,"z":-0.43252868950366974},"width":0.37568943293386725,"length":0.8056576318675659,"height":1.476550668478012,"angle":3.0082573904125844,"object_id":"pedestrian"}]}