{"bounding boxes":[{"center":{"x":-4.621494268848813,"y":0.2664286710269971,"z":-0.34547847509384155},"width":0.5867382556505161,"length":0.496172923110475,"height":1.8175171613693237,"angle":-0.0027744562263979887,"object_id":"pedestrian"},{"center":{"x":-5.53930529838202,"y":2.0094143305372643,"z":-0.4379313290119171},"width":0.4774308940899749,"length":0.6990074037633175,"height":1.506196916103363,"angle":0.1808464483707285,"object_id":"pedestrian"}]}