{"bounding boxes":[{"center":{"x":-4.531538258555232,"y":0.23765974034349147,"z":-0.3515719473361969},"width":0.3701525299470486,"length":0.5582840701055544,"height":1.805330216884613,"angle":-0.4966158234164228,"object_id":"pedestrian"},{"center":{"x":-5.718009468718239,"y":2.017048456026268,"z":-0.4353940933942795},"width":0.6973049736247441,"length":0.40780945529147794,"height":1.5166138708591461,"angle":1.9669495439712612,"object_id":"pedestrian"}]}