{"bounding boxes":[{"center":{"x":-4.489559944902156,"y":0.20626199607161844,"z":-0.3601166903972626},"width":0.4705486947945472,"length":0.6924393316751946,"height":1.7975583672523499,"angle":-0.7657864111681131,"object_id":"pedestrian"},{"center":{"x":-5.776556136526844,"y":2.0074172475129095,"z":-0.4308103322982788},"width":0.48701969384118793,"length":0.5268668371463375,"height":1.522728443145752,"angle":0.02142806970152464,"object_id":"pedestrian"}]}