{"bounding boxes":[{"center":{"x":-2.934883349843202,"y":1.6064280286771524,"z":-0.13318654894828796},"width":0.5335168441469224,"length":0.3677686711366104,"height":1.586771309375763,"angle":0.14850785326165789,"object_id":"pedestrian"},{"center":{"x":-0.9310366360929663,"y":1.6659477655652313,"z":-0.004917562007904053},"width":0.30085129228808183,"length":0.6252440887320898,"height":0.9923121929168701,"angle":0,"object_id":"pedestrian"}]}