{"bounding boxes":[{"center":{"x":-4.477440874851741,"y":0.06433772328523332,"z":-0.3514085114002228},"width":0.39566797637921397,"length":0.5185030976471036,"height":1.777704656124115,"angle":-0.187140366426964,"object_id":"pedestrian"},{"center":{"x":-5.896944586725924,"y":1.9780281417234888,"z":-0.4303295463323593},"width":0.6883130855742445,"length":0.589707273633993,"height":1.5305593311786652,"angle":-0.2611500978756223,"object_id":"pedestrian"}]}