{"bounding boxes":[{"center":{"x":-4.4251540823010345,"y":-0.14744967680304955,"z":-0.3336731195449829},"width":0.3878034168892939,"length":0.7209866161224437,"height":1.733459234237671,"angle":2.5952531562322094,"object_id":"pedestrian"},{"center":{"x":-6.162798498621291,"y":1.8865687328170186,"z":-0.4244101047515869},"width":0.5979291462266848,"length":0.5011702417607784,"height":1.5340025424957275,"angle":2.110775210551216,"object_id":"pedestrian"}]}