{"bounding boxes":[{"center":{"x":-4.309454086397087,"y":-0.04760376101397118,"z":-0.333905428647995},"width":0.39849206522901426,"length":0.595447970841122,"height":1.7071126103401184,"angle":-6.091375442246472e-9,"object_id":"pedestrian"},{"center":{"x":-6.272140152095419,"y":1.9585958309742972,"z":-0.3516550809144974},"width":0.40307263494362733,"length":0.6229304606877657,"height":1.3991690576076508,"angle":0,"object_id":"pedestrian"}]}