{"bounding boxes":[{"center":{"x":-4.276488795490807,"y":-0.07791741108566858,"z":-0.3179479241371155},"width":0.38250238813667714,"length":0.6808544166357225,"height":1.689334511756897,"angle":0,"object_id":"pedestrian"},{"center":{"x":-6.436313870140795,"y":1.868589187000027,"z":-0.3400605618953705},"width":0.39597211783531405,"length":0.7788911465306358,"height":1.3960769772529602,"angle":0.1575631876748396,"object_id":"pedestrian"}]}