{"bounding boxes":[{"center":{"x":-4.2531680174235404,"y":-0.21506342988885047,"z":-0.39112071692943573},"width":0.38632272362557263,"length":0.7165666157499478,"height":1.514001041650772,"angle":0,"object_id":"pedestrian"},{"center":{"x":-6.669509705056013,"y":1.9028338361398967,"z":-0.24920012056827545},"width":0.5024488451194067,"length":0.7695170227995625,"height":1.229219526052475,"angle":0,"object_id":"pedestrian"}]}