{"bounding boxes":[{"center":{"x":-4.182483421902762,"y":-0.10658384750305044,"z":-0.32971134781837463},"width":0.39660393591223103,"length":0.662979952225797,"height":1.6451019644737244,"angle":0.2148156130105094,"object_id":"pedestrian"},{"center":{"x":-6.759283028972077,"y":1.8884467280197985,"z":-0.37439632415771484},"width":0.3590031782479069,"length":0.5980969724931531,"height":1.495103359222412,"angle":0.31968001378092703,"object_id":"pedestrian"}]}