{"bounding boxes":[{"center":{"x":-4.077217803494259,"y":-0.2315810861550036,"z":-0.3330181837081909},"width":0.4380698368166138,"length":0.6303932639446961,"height":1.6312415599822998,"angle":0,"object_id":"pedestrian"},{"center":{"x":-6.852547964363941,"y":1.9053443231813758,"z":-0.38956186175346375},"width":0.49683460923537215,"length":0.4487537518410072,"height":1.5348549485206604,"angle":0,"object_id":"pedestrian"}]}