{"bounding boxes":[{"center":{"x":-3.9653457783296195,"y":-0.17171634017650372,"z":-0.24348801374435425},"width":0.3451135646828227,"length":0.6699264392596672,"height":1.427807331085205,"angle":0.03332104879974659,"object_id":"pedestrian"},{"center":{"x":-6.954636482970482,"y":1.9370277176004966,"z":-0.37291716039180756},"width":0.39586586083275765,"length":0.4009410704440852,"height":1.513079434633255,"angle":0,"object_id":"pedestrian"}]}