{"bounding boxes":[{"center":{"x":-2.637168478830288,"y":1.57273649995518,"z":-0.10181093215942383},"width":0.6032032783439486,"length":0.42312683188288924,"height":1.4507495164871216,"angle":0.49361741960133976,"object_id":"pedestrian"}]}