{"bounding boxes":[{"center":{"x":-3.8872672759998306,"y":-0.13092782972429362,"z":-0.2658381313085556},"width":0.3596390637161,"length":0.6944755837160175,"height":1.4539834558963776,"angle":0,"object_id":"pedestrian"},{"center":{"x":-7.028940258943297,"y":1.9710989202387146,"z":-0.40117141604423523},"width":0.5084557730191968,"length":0.4423151608326925,"height":1.5785897374153137,"angle":0,"object_id":"pedestrian"}]}