{"bounding boxes":[{"center":{"x":-1.0951257978330178,"y":1.5146727867144696,"z":-0.006211668252944946},"width":0.498300877918691,"length":0.753840337174079,"height":1.0642638802528381,"angle":0.36717491288223814,"object_id":"pedestrian"},{"center":{"x":-2.8194378978010453,"y":1.5532351017608654,"z":-0.13104796409606934},"width":0.5136106591225698,"length":0.35826628708774977,"height":1.5817309617996216,"angle":0.3805063389222877,"object_id":"pedestrian"}]}