{"bounding boxes":[{"center":{"x":-0.6750622517984778,"y":1.509971659009338,"z":-0.0007764548063278198},"width":0.6329669531071331,"length":0.7567108433200112,"height":0.9146665036678314,"angle":0,"object_id":"pedestrian"},{"center":{"x":-3.5816947819938134,"y":2.3816162058903405,"z":-0.2107236385345459},"width":0.470421498529133,"length":0.709170160642923,"height":1.8137140274047852,"angle":-0.6988548935679432,"object_id":"pedestrian"}]}