{"bounding boxes":[{"center":{"x":-2.7825692148828876,"y":-0.5098323284697547,"z":-0.13763204216957092},"width":0.47937441189324304,"length":0.7221689114749708,"height":1.35219007730484,"angle":-0.49934425975164476,"object_id":"pedestrian"},{"center":{"x":-8.320063724526126,"y":2.1965378551431503,"z":-0.4605858027935028},"width":0.4190983923753357,"length":0.7127580312471286,"height":1.224703848361969,"angle":-0.19196670017858122,"object_id":"pedestrian"}]}