{"bounding boxes":[{"center":{"x":-2.1518009049121245,"y":1.7833503292772634,"z":-0.11810722947120667},"width":0.5182834826162993,"length":0.6997553066022985,"height":1.3467227816581726,"angle":0.5603599481472199,"object_id":"pedestrian"},{"center":{"x":-4.956472618221988,"y":2.80316554504393,"z":-0.312429279088974},"width":0.504712135186724,"length":0.6480254749998386,"height":1.6320303082466125,"angle":-0.2880555416463615,"object_id":"pedestrian"}]}