{"bounding boxes":[{"center":{"x":-2.4537020151348643,"y":-1.6984219391508488,"z":-0.10640737414360046},"width":0.5819951042026394,"length":0.44022707802477834,"height":1.41567462682724,"angle":0,"object_id":"pedestrian"}]}