{"bounding boxes":[{"center":{"x":-2.4919563785695376,"y":-1.882565241591466,"z":-0.05854782462120056},"width":0.6077487550917109,"length":0.4119152338727343,"height":1.3504850268363953,"angle":0,"object_id":"pedestrian"}]}