{"bounding boxes":[{"center":{"x":-2.468611098049574,"y":-2.0602334834704714,"z":-0.11429843306541443},"width":0.63049866349176,"length":0.4295769105542673,"height":1.5054907202720642,"angle":0,"object_id":"pedestrian"}]}