{"bounding boxes":[{"center":{"x":-2.436970207668936,"y":-2.155550105734077,"z":-0.11082041263580322},"width":0.6468114975868295,"length":0.6904167257669362,"height":1.5321170091629028,"angle":0,"object_id":"pedestrian"}]}