{"bounding boxes":[{"center":{"x":-2.4890936991309163,"y":-2.336039949195076,"z":-0.09804943203926086},"width":0.3822387836691287,"length":0.7460411650073411,"height":1.5607648491859436,"angle":0.746720260649308,"object_id":"pedestrian"}]}