{"bounding boxes":[{"center":{"x":-2.545762824545,"y":-2.4883666973801697,"z":-0.22530782222747803},"width":0.5380116578930769,"length":0.6440431711080699,"height":1.5950901508331299,"angle":0,"object_id":"pedestrian"}]}