{"bounding boxes":[{"center":{"x":-2.5633315854805576,"y":-2.5317141563360326,"z":-0.22664141654968262},"width":0.5481214359955301,"length":0.5836478484170202,"height":1.632798671722412,"angle":0.012271846307519815,"object_id":"pedestrian"}]}