{"bounding boxes":[{"center":{"x":-2.9382295666412777,"y":1.4543244369844899,"z":-0.10794508457183838},"width":0.40758218640163213,"length":0.36983934063758594,"height":1.534761905670166,"angle":-0.004016127191072312,"object_id":"pedestrian"},{"center":{"x":-1.347458370133552,"y":1.508731837685187,"z":0.0023293793201446533},"width":0.4376752396894731,"length":0.7354974905952087,"height":1.1662386059761047,"angle":0.2786473917424094,"object_id":"pedestrian"}]}