{"bounding boxes":[{"center":{"x":-2.657189920536605,"y":-2.7237118356293535,"z":-0.214806467294693},"width":0.4168490332903519,"length":0.4924037272046222,"height":1.6554333567619324,"angle":0.7039919053645624,"object_id":"pedestrian"}]}