{"bounding boxes":[{"center":{"x":-2.718716077898066,"y":-2.727230770873366,"z":-0.23859184980392456},"width":0.5193398190919627,"length":0.48541364890704397,"height":1.7455543279647827,"angle":0,"object_id":"pedestrian"}]}