{"bounding boxes":[{"center":{"x":-2.7437775007718335,"y":-2.8775146802469633,"z":-0.2363019585609436},"width":0.6274629333968773,"length":0.5209125937200748,"height":1.7760158777236938,"angle":-0.23725569505591243,"object_id":"pedestrian"}]}