{"bounding boxes":[{"center":{"x":-3.500781033309201,"y":1.9865074673226482,"z":-0.3166824281215668},"width":0.7949793192075304,"length":0.6866299690120697,"height":1.5966201424598694,"angle":0.004090615391580852,"object_id":"pedestrian"},{"center":{"x":-6.30567732362551,"y":2.87074852479245,"z":-0.25519368052482605},"width":0.4327980931200818,"length":0.5960999302840351,"height":1.7378888726234436,"angle":-0.04090615424181354,"object_id":"pedestrian"}]}