{"bounding boxes":[{"center":{"x":-2.8731465797582474,"y":-2.910807493716032,"z":-0.3232787549495697},"width":0.5125950872892572,"length":0.5684222720223656,"height":1.6848843693733215,"angle":0.5969110391752134,"object_id":"car"}]}