{"bounding boxes":[{"center":{"x":-3.04906178117713,"y":-3.125244324738068,"z":-0.31224656105041504},"width":0.45001499462471484,"length":0.7349063864903125,"height":1.7276544570922852,"angle":0.5292467741551308,"object_id":"pedestrian"}]}