{"bounding boxes":[{"center":{"x":-3.3401117536411062,"y":-3.332245023357846,"z":-0.29410555958747864},"width":0.41479437427214183,"length":0.6456670254503989,"height":1.7484073042869568,"angle":0.549153725524529,"object_id":"pedestrian"}]}