{"bounding boxes":[{"center":{"x":-3.5512289393342096,"y":-3.3653497805534998,"z":-0.2740408778190613},"width":0.3953580823246292,"length":0.5689298817987387,"height":1.7770122289657593,"angle":0,"object_id":"pedestrian"}]}