{"bounding boxes":[{"center":{"x":-3.893980667659971,"y":-3.416865307074637,"z":-0.36425189673900604},"width":0.5050399788271371,"length":0.6952498692055018,"height":1.6460794508457184,"angle":0,"object_id":"pedestrian"}]}