{"bounding boxes":[{"center":{"x":-4.824557944897761,"y":2.2337682969876984,"z":-0.2899056673049927},"width":0.3953581257033442,"length":0.8389308479796542,"height":1.4939007759094238,"angle":-0.01227184628246595,"object_id":"pedestrian"},{"center":{"x":-6.942126208735722,"y":2.4034623461712687,"z":-0.24763351678848267},"width":0.5379890694509485,"length":0.4526582822431534,"height":1.770529866218567,"angle":2.7407123409201684,"object_id":"pedestrian"}]}