{"bounding boxes":[{"center":{"x":-2.9730673540234873,"y":1.3880439516544634,"z":-0.12933069467544556},"width":0.4832114897982369,"length":0.5275089744241426,"height":1.5851655006408691,"angle":0,"object_id":"pedestrian"},{"center":{"x":-1.5014511857898762,"y":1.5761495706432227,"z":-0.020446717739105225},"width":0.34849279610520156,"length":0.6486163638694169,"height":1.2117908000946045,"angle":0,"object_id":"pedestrian"}]}