{"bounding boxes":[{"center":{"x":-4.111072720031833,"y":-3.404324710369474,"z":-0.3588234484195709},"width":0.47910449238157626,"length":0.6940786600108835,"height":1.6704334616661072,"angle":0.3463015053442475,"object_id":"pedestrian"}]}