{"bounding boxes":[{"center":{"x":-6.843639645364643,"y":1.6400637218856986,"z":-0.2594330310821533},"width":0.27632851767874417,"length":0.37111567151845865,"height":1.7488079071044922,"angle":-0.15124331437886293,"object_id":"pedestrian"},{"center":{"x":-5.749186637602442,"y":1.8151176401214557,"z":-0.30346623063087463},"width":0.40101008830337576,"length":0.6463532920154386,"height":1.6385077834129333,"angle":-0.34217178058770115,"object_id":"pedestrian"}]}