{"bounding boxes":[{"center":{"x":-5.012188765964025,"y":-2.794080902687595,"z":-0.315783828496933},"width":0.34375705834019216,"length":0.3015894454572238,"height":1.6474550366401672,"angle":-0.2699806185250727,"object_id":"pedestrian"}]}