{"bounding boxes":[{"center":{"x":-5.058191415409371,"y":-2.591561939656983,"z":-0.11026391386985779},"width":0.5109075673800252,"length":0.3590158722337615,"height":1.226305067539215,"angle":0,"object_id":"pedestrian"}]}