{"bounding boxes":[{"center":{"x":-5.159007940634519,"y":-2.3618954000663805,"z":-0.3161959648132324},"width":0.3920925741498236,"length":0.28130272935406425,"height":1.6374719142913818,"angle":-0.4823282100184198,"object_id":"pedestrian"}]}