{"bounding boxes":[{"center":{"x":-5.238071067650914,"y":-2.1993116879543835,"z":-0.3198941498994827},"width":0.4880785014397812,"length":0.5925248042492156,"height":1.6277857720851898,"angle":0.43984248357294725,"object_id":"pedestrian"}]}