{"bounding boxes":[{"center":{"x":-5.129894624782598,"y":-1.962663936659618,"z":-0.3780631422996521},"width":0.24124516982046637,"length":0.3758114673659324,"height":1.7291330099105835,"angle":0.42804049242179437,"object_id":"pedestrian"},{"center":{"x":-8.27737337264891,"y":3.3194766866326035,"z":-0.31869007647037506},"width":0.38978322788398345,"length":0.670240747815162,"height":1.5601677596569061,"angle":-0.35190390930072085,"object_id":"pedestrian"}]}