{"bounding boxes":[{"center":{"x":-6.793912888580698,"y":2.2729899683183885,"z":-0.24562892317771912},"width":0.3511664704747902,"length":0.5112162968738326,"height":1.774539053440094,"angle":0.4015805900985203,"object_id":"pedestrian"},{"center":{"x":-6.088458988579693,"y":2.3204631437423235,"z":-0.36788509786129},"width":0.3899881570107922,"length":0.7265542618285487,"height":1.4173937141895294,"angle":-0.3639754432118813,"object_id":"pedestrian"}]}