{"bounding boxes":[{"center":{"x":-5.059155197553514,"y":-1.6760159069677227,"z":-0.3862898498773575},"width":0.42204205160348607,"length":0.36861882395367995,"height":1.722577303647995,"angle":-0.06954046233443252,"object_id":"pedestrian"},{"center":{"x":-7.908242231840692,"y":3.166133742285404,"z":-0.2903587967157364},"width":0.44115144675489504,"length":0.8296054818232161,"height":1.4798493087291718,"angle":-0.38475534721464244,"object_id":"pedestrian"}]}