{"bounding boxes":[{"center":{"x":-5.082657423912606,"y":-1.3973201955404135,"z":-0.39183473587036133},"width":0.48093879467978073,"length":0.4580370197979238,"height":1.7294836044311523,"angle":0,"object_id":"pedestrian"},{"center":{"x":-7.631585909559947,"y":3.1550093193386837,"z":-0.2968544065952301},"width":0.43042839924053466,"length":0.7146144510555064,"height":1.4551586508750916,"angle":-0.4863679494209674,"object_id":"pedestrian"}]}