{"bounding boxes":[{"center":{"x":-4.251159094940099,"y":0.8894995396378623,"z":-0.3346443772315979},"width":0.44600938843377413,"length":0.7477216501098563,"height":1.7563632726669312,"angle":0,"object_id":"pedestrian"},{"center":{"x":-3.572884093199168,"y":2.016919082161878,"z":-0.3176010847091675},"width":0.4919220063354179,"length":0.7149266747061285,"height":1.6662168502807617,"angle":0.020453077196311852,"object_id":"pedestrian"}]}