{"bounding boxes":[{"center":{"x":-5.1477315912726676,"y":-1.2385097171094805,"z":-0.39540572464466095},"width":0.40943069998674275,"length":0.4449431163354909,"height":1.7331393659114838,"angle":0,"object_id":"pedestrian"},{"center":{"x":-7.350735039550596,"y":2.987983612642214,"z":-0.39924031496047974},"width":0.4931134982468489,"length":0.8871152720985575,"height":1.6337624788284302,"angle":-0.3886634382908486,"object_id":"pedestrian"}]}