{"bounding boxes":[{"center":{"x":-5.1726200804608755,"y":-1.0230551712130258,"z":-0.3946802467107773},"width":0.3403962835982276,"length":0.5368485997533757,"height":1.730991154909134,"angle":0.5308574018554267,"object_id":"pedestrian"},{"center":{"x":-7.218458912537917,"y":2.8153520084844526,"z":-0.4057823121547699},"width":0.3680165381881746,"length":0.668378423264796,"height":1.6206784844398499,"angle":-0.4135144258500444,"object_id":"pedestrian"}]}