{"bounding boxes":[{"center":{"x":-5.1893550975998615,"y":-0.6277691941530491,"z":-0.3881732076406479},"width":0.2745028458847375,"length":0.581124200365396,"height":1.708912879228592,"angle":0.5762075494973178,"object_id":"pedestrian"},{"center":{"x":-6.909976665079936,"y":2.6591912342955832,"z":-0.4110802859067917},"width":0.32960583438393354,"length":0.5387678407251228,"height":1.5969420969486237,"angle":-0.6431203374055949,"object_id":"pedestrian"}]}