{"bounding boxes":[{"center":{"x":-6.6499584266670055,"y":2.4369383345633238,"z":-0.25804075598716736},"width":0.3220042769522613,"length":0.6701972983962877,"height":1.7484636902809143,"angle":-0.3717088933362893,"object_id":"pedestrian"},{"center":{"x":-5.547648167037481,"y":2.9603149268172757,"z":-0.2112576961517334},"width":0.48712276439296137,"length":0.7265442902478851,"height":1.521026372909546,"angle":-0.3455521994285488,"object_id":"pedestrian"}]}