{"bounding boxes":[{"center":{"x":-5.17679232032499,"y":-0.4529203247901664,"z":-0.26864589750766754},"width":0.50471206927832,"length":0.5857154031036008,"height":1.4600968062877655,"angle":-0.06135923142018473,"object_id":"pedestrian"},{"center":{"x":-6.657867645015682,"y":2.5046258681637323,"z":-0.3898269981145859},"width":0.33258125235419034,"length":0.8108097560952512,"height":1.5305702984333038,"angle":-0.5074648919637991,"object_id":"pedestrian"}]}