{"bounding boxes":[{"center":{"x":-6.407715538270336,"y":2.3763341768061426,"z":-0.3599703758955002},"width":0.41085090143550135,"length":0.7950516131777193,"height":1.4463638365268707,"angle":-0.6017739185540074,"object_id":"pedestrian"},{"center":{"x":-5.084632194393405,"y":-0.12327461743408391,"z":-0.36631539463996887},"width":0.5523335672429844,"length":0.5661420640627004,"height":1.6383532881736755,"angle":0.02863430804426677,"object_id":"pedestrian"}]}