{"bounding boxes":[{"center":{"x":-6.189993213987429,"y":2.318159574425363,"z":-0.36521027982234955},"width":0.4836660572171898,"length":0.749550431158473,"height":1.4290008842945099,"angle":-0.5767166183900164,"object_id":"pedestrian"},{"center":{"x":-5.018414260120201,"y":0.10311668068851365,"z":-0.365879625082016},"width":0.48615084269991726,"length":0.5395740050235434,"height":1.6392248272895813,"angle":0,"object_id":"pedestrian"}]}