{"bounding boxes":[{"center":{"x":-6.164340003138128,"y":2.4009758204126923,"z":-0.36401455104351044},"width":0.40907830701449616,"length":0.7408856328924979,"height":1.4226318895816803,"angle":-0.574641309341901,"object_id":"pedestrian"},{"center":{"x":-5.151793863410882,"y":0.305148190483573,"z":-0.3859002888202667},"width":0.4728998529732275,"length":0.579971756043536,"height":1.6792661547660828,"angle":-0.07363107780695863,"object_id":"pedestrian"}]}