{"bounding boxes":[{"center":{"x":-5.115067763654256,"y":0.39895495724529734,"z":-0.3855375498533249},"width":0.46691846771365686,"length":0.4212418135000152,"height":1.6781920492649078,"angle":0,"object_id":"pedestrian"},{"center":{"x":-5.980389667635313,"y":2.226027547679924,"z":-0.3344610333442688},"width":0.32362717701443405,"length":0.7591771528323876,"height":1.3497081995010376,"angle":-0.6464019975129247,"object_id":"pedestrian"}]}