{"bounding boxes":[{"center":{"x":-5.115418846061505,"y":0.466769825545579,"z":-0.38839957118034363},"width":0.4549522903691985,"length":0.5816410145219892,"height":1.6706684231758118,"angle":0,"object_id":"pedestrian"},{"center":{"x":-5.947744570295273,"y":2.2184874671306916,"z":-0.43072420358657837},"width":0.7321418054279045,"length":0.43133849294317744,"height":1.5221375226974487,"angle":-2.1999555198579963,"object_id":"pedestrian"}]}