{"bounding boxes":[{"center":{"x":-4.408438598158631,"y":0.8474643807097043,"z":-0.33550888299942017},"width":0.5307522835352483,"length":0.7597047148165921,"height":1.780516266822815,"angle":0,"object_id":"pedestrian"},{"center":{"x":-3.7736165848782077,"y":2.0962950956390296,"z":-0.3859362006187439},"width":0.4891255092846616,"length":0.7805194496575802,"height":1.540934681892395,"angle":0,"object_id":"pedestrian"}]}