{"bounding boxes":[{"center":{"x":-5.775669725495101,"y":1.8091010942303978,"z":-0.20084133744239807},"width":0.3454850872599745,"length":0.5776759164856398,"height":1.4580102562904358,"angle":-0.5592082708519762,"object_id":"pedestrian"}]}