{"bounding boxes":[{"center":{"x":-5.044266882849654,"y":0.6947126227604364,"z":-0.3909353017807007},"width":0.4594691549137832,"length":0.6573668682410685,"height":1.661097764968872,"angle":0.4190045449769387,"object_id":"pedestrian"},{"center":{"x":-5.735042914647028,"y":2.0758419812548885,"z":-0.4369827210903168},"width":0.44208877546204967,"length":0.6946252557328598,"height":1.5126734375953674,"angle":-0.8308181040953002,"object_id":"pedestrian"}]}