{"bounding boxes":[{"center":{"x":-4.919841620135404,"y":0.8069423319551403,"z":-0.3853329122066498},"width":0.4887261964292137,"length":0.6712240140013415,"height":1.619214117527008,"angle":0.4566056593346748,"object_id":"pedestrian"},{"center":{"x":-5.647598845982694,"y":1.910351121077753,"z":-0.4381624758243561},"width":0.7697212584382006,"length":0.539301348959394,"height":1.5026816725730896,"angle":0.48139765723022093,"object_id":"pedestrian"}]}