{"bounding boxes":[{"center":{"x":-4.745720461405162,"y":0.7621624277025437,"z":-0.33107978105545044},"width":0.2865635536285238,"length":0.5873290809488432,"height":1.4946712255477905,"angle":0.3858846225793846,"object_id":"pedestrian"},{"center":{"x":-5.59274770896077,"y":1.8452074731565218,"z":-0.43894751369953156},"width":0.6414697109914097,"length":0.34708207350370457,"height":1.5011115968227386,"angle":-2.495406682036279,"object_id":"pedestrian"}]}