{"bounding boxes":[{"center":{"x":-4.674644363052167,"y":0.8866114981759838,"z":-0.31905651092529297},"width":0.4213939803222827,"length":0.6000284271922394,"height":1.8134210109710693,"angle":0.5072363138889657,"object_id":"pedestrian"},{"center":{"x":-5.599671110634367,"y":1.6930602319566437,"z":-0.44026464223861694},"width":0.7053770215305835,"length":0.3435276480853362,"height":1.5045832395553589,"angle":0.5072363138889657,"object_id":"pedestrian"}]}