{"bounding boxes":[{"center":{"x":-4.585678037815017,"y":0.8700171621817114,"z":-0.3324633836746216},"width":0.38697868399182145,"length":0.6362193045887462,"height":1.778325080871582,"angle":0,"object_id":"pedestrian"},{"center":{"x":-5.648229880372671,"y":1.6144593904472915,"z":-0.44436757266521454},"width":0.6624552717572891,"length":0.5378349060058094,"height":1.5062994062900543,"angle":0,"object_id":"pedestrian"}]}