{"bounding boxes":[{"center":{"x":-5.61354990733649,"y":1.533049901020891,"z":-0.42454850673675537},"width":0.38942759342787514,"length":0.5971898285295076,"height":1.4612183570861816,"angle":-0.8219673080534393,"object_id":"pedestrian"},{"center":{"x":-4.4387052632007915,"y":0.8392619743699672,"z":-0.3295535743236542},"width":0.3426441550860249,"length":0.46985922526819124,"height":1.7851799130439758,"angle":0.5137997700001734,"object_id":"pedestrian"}]}