{"bounding boxes":[{"center":{"x":-4.372178444574974,"y":0.9911396553315616,"z":-0.33462807536125183},"width":0.3165452641701083,"length":0.5090268043724964,"height":1.7636428475379944,"angle":0.6530498402394002,"object_id":"pedestrian"},{"center":{"x":-5.4227104238445705,"y":1.5508355103555855,"z":-0.39971934258937836},"width":0.39679908096215394,"length":0.26153944349899655,"height":1.404023677110672,"angle":0.9445272634690348,"object_id":"pedestrian"}]}