{"bounding boxes":[{"center":{"x":-4.297956707800296,"y":1.0632065604600767,"z":-0.3412555158138275},"width":0.32927852852785927,"length":0.5223609605709252,"height":1.745211660861969,"angle":0.45606245019496133,"object_id":"pedestrian"}]}