{"bounding boxes":[{"center":{"x":-4.208018208984673,"y":1.1620673132180759,"z":-0.34274929761886597},"width":0.384337288926542,"length":0.6309026036893388,"height":1.73601233959198,"angle":0.3254973034827717,"object_id":"pedestrian"}]}