{"bounding boxes":[{"center":{"x":-4.4249828356605425,"y":0.7789678119802957,"z":-0.3306026756763458},"width":0.4161382658903321,"length":0.674818826278093,"height":1.7965402007102966,"angle":0,"object_id":"pedestrian"},{"center":{"x":-3.891515221317795,"y":2.0138735586273624,"z":-0.379835307598114},"width":0.4049999706700502,"length":0.6750015909708686,"height":1.5531364679336548,"angle":0,"object_id":"pedestrian"}]}