{"bounding boxes":[{"center":{"x":-4.895554470991069,"y":1.9092833539747558,"z":-0.18304327130317688},"width":0.3818237097400234,"length":0.6477716018884659,"height":1.632065236568451,"angle":0.1758964639023662,"object_id":"pedestrian"},{"center":{"x":-4.8830004019179505,"y":2.6301863023870453,"z":-0.3035222142934799},"width":0.4541316875473414,"length":0.3457345354834018,"height":1.5926015675067902,"angle":0.1758964639023662,"object_id":"pedestrian"}]}