{"bounding boxes":[{"center":{"x":-4.097211216176357,"y":1.2912880063277337,"z":-0.3394160270690918},"width":0.5024387136057943,"length":0.8437295900477895,"height":1.723008632659912,"angle":0.4636485322889532,"object_id":"pedestrian"},{"center":{"x":-5.422080548841754,"y":1.2049884136543374,"z":-0.47211509943008423},"width":0.5050401791079748,"length":0.4656853764026577,"height":1.5446282625198364,"angle":0,"object_id":"pedestrian"}]}