{"bounding boxes":[{"center":{"x":-3.868834213103895,"y":1.396123344659173,"z":-0.25428831577301025},"width":0.5794831849099679,"length":0.9034958989425247,"height":1.8270063400268555,"angle":0.31670088609917774,"object_id":"pedestrian"},{"center":{"x":-5.516938074016473,"y":1.084572113069175,"z":-0.476153165102005},"width":0.45503504659712257,"length":0.6180966014706931,"height":1.558147370815277,"angle":-0.7977411491886758,"object_id":"pedestrian"}]}