{"bounding boxes":[{"center":{"x":-3.721821364539493,"y":1.5073003572460046,"z":-0.2661435902118683},"width":0.4330086290199131,"length":0.6748187833292549,"height":1.764990746974945,"angle":-8.813056076584225e-9,"object_id":"pedestrian"},{"center":{"x":-5.649300132970759,"y":1.0179588614985817,"z":-0.4228443056344986},"width":0.4692067271103362,"length":0.710743274841598,"height":1.4485988318920135,"angle":-0.5351977770920106,"object_id":"pedestrian"}]}