{"bounding boxes":[{"center":{"x":-3.4902966383355443,"y":1.4763400280165262,"z":-0.21053797006607056},"width":0.47045936160018836,"length":0.5964989517967404,"height":1.5749365091323853,"angle":-0.34302407590487655,"object_id":"pedestrian"},{"center":{"x":-5.562796251739984,"y":1.0286301852679272,"z":-0.47851380705833435},"width":0.39875289005458453,"length":0.5085343441038587,"height":1.5507267117500305,"angle":-0.292347316566888,"object_id":"pedestrian"}]}