{"bounding boxes":[{"center":{"x":-5.394585156266073,"y":1.0031882170048287,"z":-0.4839402437210083},"width":0.5394850668514232,"length":0.830388025497848,"height":1.5479722023010254,"angle":-0.4031132911394187,"object_id":"pedestrian"},{"center":{"x":-3.2289237113804656,"y":1.4979661832677555,"z":-0.21841374039649963},"width":0.5444589247315813,"length":0.8366486359456562,"height":1.5581497550010681,"angle":-0.13254696734380866,"object_id":"pedestrian"}]}