{"bounding boxes":[{"center":{"x":-5.698854274529986,"y":2.022658042770721,"z":-0.29842087626457214},"width":0.6866406872285304,"length":0.6840439671684092,"height":1.6692059636116028,"angle":-0.5191438741249534,"object_id":"pedestrian"},{"center":{"x":-4.053437607564314,"y":2.5028011288985192,"z":-0.2807086408138275},"width":0.607206164105831,"length":0.8853335635241341,"height":1.7069891095161438,"angle":-0.429178633787053,"object_id":"pedestrian"}]}