{"bounding boxes":[{"center":{"x":-5.245668292400959,"y":1.0222487856159845,"z":-0.48719605803489685},"width":0.5264358513214669,"length":0.7227340110998495,"height":1.5360615849494934,"angle":0,"object_id":"pedestrian"},{"center":{"x":-3.050699068953741,"y":1.5799141237219225,"z":-0.16951003670692444},"width":0.5978166596856302,"length":0.7673469803662792,"height":1.6052286028862,"angle":-0.44752008275447097,"object_id":"pedestrian"}]}