{"bounding boxes":[{"center":{"x":-2.774199053843266,"y":1.3978698411608748,"z":-0.1383536159992218},"width":0.5216714957932911,"length":0.7412073865915215,"height":1.4604862332344055,"angle":-0.6327464876649312,"object_id":"pedestrian"},{"center":{"x":-5.0397096526954686,"y":1.096435057533001,"z":-0.4877011328935623},"width":0.5355024706781604,"length":0.7879541879106753,"height":1.509857028722763,"angle":0.4096470035686294,"object_id":"pedestrian"}]}