{"bounding boxes":[{"center":{"x":-2.706021392131775,"y":1.374200544310494,"z":-0.0751526951789856},"width":0.46136839192126206,"length":0.6695137037449819,"height":1.493713140487671,"angle":-0.3241124527185668,"object_id":"pedestrian"},{"center":{"x":-4.872438323156059,"y":1.111058512814778,"z":-0.391927108168602},"width":0.4976420457513374,"length":0.6718875245994204,"height":1.6411180794239044,"angle":3.07364643859879,"object_id":"pedestrian"}]}