{"bounding boxes":[{"center":{"x":-4.468918348230097,"y":0.8592410996582684,"z":-0.32406947016716003},"width":0.4197735518590789,"length":0.64277827452129,"height":1.7961481213569641,"angle":0.34038303327681074,"object_id":"pedestrian"},{"center":{"x":-4.126951891373086,"y":2.017980886633752,"z":-0.373263418674469},"width":0.6314612051649122,"length":0.7958004677114776,"height":1.5713688135147095,"angle":-0.22069732445892648,"object_id":"pedestrian"}]}