{"bounding boxes":[{"center":{"x":-2.493871282164757,"y":1.116324678835908,"z":-0.07407104969024658},"width":0.4680649106828874,"length":0.6096240893950994,"height":1.3871724605560303,"angle":-0.7509264404840111,"object_id":"pedestrian"},{"center":{"x":-4.707398414108299,"y":1.2230248251070939,"z":-0.38515515625476837},"width":0.5661236425463747,"length":0.7260303974977727,"height":1.6024733483791351,"angle":0.33205939088390746,"object_id":"pedestrian"}]}