{"bounding boxes":[{"center":{"x":-2.3381583382086997,"y":0.9263985213397288,"z":-0.011905670166015625},"width":0.6962421877347086,"length":0.7665171153053119,"height":1.3406826257705688,"angle":-0.8843090422272062,"object_id":"pedestrian"}]}