{"bounding boxes":[{"center":{"x":-6.966330231164542,"y":1.5399806489625338,"z":-0.38298988342285156},"width":0.5517497718286499,"length":0.7664340877084566,"height":1.5235950946807861,"angle":0,"object_id":"pedestrian"},{"center":{"x":-3.2791706391619417,"y":2.2226719544833613,"z":-0.2561379373073578},"width":0.5773540535964563,"length":0.6897864436060533,"height":1.7249558568000793,"angle":-0.6513206905806139,"object_id":"pedestrian"}]}