{"bounding boxes":[{"center":{"x":-2.2468976795947677,"y":0.6365426507646769,"z":-0.014493882656097412},"width":0.7052993438034217,"length":0.49001275106592485,"height":1.2930599451065063,"angle":0.7911430090130509,"object_id":"pedestrian"}]}