{"bounding boxes":[{"center":{"x":-2.070200076724481,"y":0.4447613995258395,"z":-0.006211668252944946},"width":0.3827492756664041,"length":0.619556939756482,"height":1.2247317433357239,"angle":-0.9516332465450933,"object_id":"pedestrian"},{"center":{"x":-4.1468954104746345,"y":1.5172617299015898,"z":-0.3309454917907715},"width":0.37925068672575435,"length":0.6479004921407103,"height":1.7440907955169678,"angle":0,"object_id":"pedestrian"}]}