{"bounding boxes":[{"center":{"x":-2.100105924725289,"y":0.1140683915862775,"z":-0.007505744695663452},"width":0.5827315244436195,"length":0.5630745960859783,"height":1.2076496481895447,"angle":-0.07677184084482079,"object_id":"pedestrian"},{"center":{"x":-3.8982998572072565,"y":1.6311657405618711,"z":-0.3241017162799835},"width":0.46711749190692675,"length":0.7812848873122042,"height":1.681168019771576,"angle":0,"object_id":"pedestrian"}]}