{"bounding boxes":[{"center":{"x":-2.231771288255537,"y":-0.053382661957416255,"z":-0.015270322561264038},"width":0.5355425106759777,"length":0.5871589028101378,"height":1.2449195981025696,"angle":0,"object_id":"pedestrian"},{"center":{"x":-3.790645776465664,"y":1.7802747831394465,"z":-0.32655540108680725},"width":0.5144492548498607,"length":0.769710385385711,"height":1.6690136790275574,"angle":0,"object_id":"pedestrian"}]}