{"bounding boxes":[{"center":{"x":-2.3219756584295337,"y":-0.31645297337744505,"z":-0.00802341103553772},"width":0.6688978321131986,"length":0.5919454881632382,"height":1.2780484557151794,"angle":0.2658900032416411,"object_id":"pedestrian"},{"center":{"x":-3.6814147745115386,"y":1.8010607613734564,"z":-0.32628394663333893},"width":0.5119149407570286,"length":0.47290523555169117,"height":1.6509215533733368,"angle":0.26589000323665724,"object_id":"pedestrian"}]}