{"bounding boxes":[{"center":{"x":-2.6982337761793445,"y":1.5171949748028182,"z":-0.07692095637321472},"width":0.4939274497888555,"length":0.6630732754341742,"height":1.5098468661308289,"angle":-0.20790664449939367,"object_id":"pedestrian"}]}