{"bounding boxes":[{"center":{"x":-2.36413566419661,"y":-0.4912733005853531,"z":0.008541017770767212},"width":0.6231002070367481,"length":0.7346023417912835,"height":1.3587999939918518,"angle":-0.16362461742296913,"object_id":"pedestrian"},{"center":{"x":-3.6287082877107393,"y":1.8148734316406159,"z":-0.32728785276412964},"width":0.5640707144076215,"length":0.8592237331089533,"height":1.6592665910720825,"angle":-0.16362461742296913,"object_id":"pedestrian"}]}