{"bounding boxes":[{"center":{"x":-4.659099976249811,"y":0.8243237318926265,"z":-0.40598636865615845},"width":0.7725992756980175,"length":0.5085759145436219,"height":1.6354202032089233,"angle":-0.320005141368211,"object_id":"pedestrian"},{"center":{"x":-4.3672176690314375,"y":2.0761421571377845,"z":-0.3734835237264633},"width":0.6114246378884141,"length":0.8963489097340371,"height":1.5934236347675323,"angle":-0.36102089893729933,"object_id":"pedestrian"}]}