{"bounding boxes":[{"center":{"x":-6.175151762197789,"y":2.079754761405966,"z":-0.26190003752708435},"width":0.6373438413748416,"length":0.9118522364882277,"height":1.6575220227241516,"angle":-0.5747742489020655,"object_id":"pedestrian"},{"center":{"x":-5.025114429674067,"y":3.0272712288719887,"z":-0.30446040630340576},"width":0.4844968077580156,"length":0.7283239509843141,"height":1.6502575874328613,"angle":-0.2914548524922242,"object_id":"pedestrian"}]}