{"bounding boxes":[{"center":{"x":-4.7798763626920815,"y":2.9303471439333073,"z":-0.32056304812431335},"width":0.8634692042960525,"length":0.4945081627433128,"height":1.6211052536964417,"angle":1.0923318236068127,"object_id":"pedestrian"},{"center":{"x":-5.397988089287947,"y":1.705305670717805,"z":-0.32066674530506134},"width":0.8057183529318407,"length":0.6318774565328646,"height":1.6216612756252289,"angle":1.2422377404708353,"object_id":"pedestrian"}]}