{"bounding boxes":[{"center":{"x":-4.687394714908002,"y":1.989987780505729,"z":-0.2500549554824829},"width":0.3600070536186095,"length":0.726711444607341,"height":1.7422022819519043,"angle":0,"object_id":"pedestrian"},{"center":{"x":-5.052759739472611,"y":2.521992522806262,"z":-0.29983338713645935},"width":0.48011664446689206,"length":0.3312187139849829,"height":1.5946367383003235,"angle":0,"object_id":"pedestrian"}]}