{"bounding boxes":[{"center":{"x":-5.73802564869059,"y":2.0440753818282755,"z":-0.29842087626457214},"width":0.7788769958819914,"length":0.9097283425638312,"height":1.6692059636116028,"angle":0,"object_id":"pedestrian"},{"center":{"x":-4.077460371334192,"y":2.6110978834738203,"z":-0.2807086408138275},"width":0.6231012308392909,"length":0.8224938002408568,"height":1.7069891095161438,"angle":0,"object_id":"pedestrian"}]}