{"bounding boxes":[{"center":{"x":-6.704473400703452,"y":1.702356152425367,"z":-0.38473303616046906},"width":0.662400176254236,"length":0.9392245701262307,"height":1.5025881230831146,"angle":0,"object_id":"pedestrian"},{"center":{"x":-3.4399266488530413,"y":2.3812922721064025,"z":-0.23439931869506836},"width":0.49874086559435143,"length":0.6597517233443108,"height":1.7653274536132812,"angle":-0.004090615486093969,"object_id":"pedestrian"}]}