{"bounding boxes":[{"center":{"x":-2.891479023602126,"y":1.6853842185491352,"z":-0.15962204337120056},"width":0.4932159524869066,"length":0.7622010721850718,"height":1.5732408165931702,"angle":-0.6620583427294003,"object_id":"pedestrian"},{"center":{"x":-7.758064553724463,"y":1.6730115896323094,"z":-0.28495971858501434},"width":0.5014609705773871,"length":0.8139656729029883,"height":1.40436390042305,"angle":0,"object_id":"pedestrian"}]}