{"bounding boxes":[{"center":{"x":-2.387404027924595,"y":1.3069953923474213,"z":-0.01967024803161621},"width":0.6123227143645349,"length":0.6219655488180267,"height":1.4555983543395996,"angle":0,"object_id":"pedestrian"},{"center":{"x":-8.72829838358194,"y":1.5456011241946932,"z":-0.3236216604709625},"width":0.5337658868250674,"length":0.6748920672762975,"height":1.5610291361808777,"angle":0,"object_id":"pedestrian"}]}