{"bounding boxes":[{"center":{"x":-2.4451531986397983,"y":0.9532311068808206,"z":-0.03597402572631836},"width":0.5715666120317469,"length":0.6983013527274871,"height":1.3577682971954346,"angle":0.3052229737660448,"object_id":"pedestrian"},{"center":{"x":-8.549783158573053,"y":1.5185426227500431,"z":-0.31758424639701843},"width":0.4555020818244561,"length":0.7085593962272065,"height":1.5414178967475891,"angle":0.2578659322709915,"object_id":"pedestrian"}]}