{"bounding boxes":[{"center":{"x":-3.372816207043452,"y":1.339229208089527,"z":-0.14693215489387512},"width":0.4210064772190646,"length":0.7427056035345543,"height":1.7104303240776062,"angle":-0.4566857577735987,"object_id":"pedestrian"},{"center":{"x":-7.625401480983882,"y":1.7760645891358477,"z":-0.27218881249427795},"width":0.3885759436840747,"length":0.653138364233408,"height":1.3631213307380676,"angle":0.20632389114197236,"object_id":"pedestrian"}]}