{"bounding boxes":[{"center":{"x":-4.566577940085805,"y":1.9563491888529563,"z":-0.2564104199409485},"width":0.571665590747809,"length":0.5489213489110027,"height":1.7402888536453247,"angle":0.061359231302161074,"object_id":"pedestrian"},{"center":{"x":-6.374551967417947,"y":1.6366115311590521,"z":-0.35884879529476166},"width":0.38474871272166244,"length":0.6557420904181992,"height":1.416068583726883,"angle":0.06135923121747625,"object_id":"pedestrian"}]}