{"bounding boxes":[{"center":{"x":-5.098804254995547,"y":1.5644121608247183,"z":-0.29916130006313324},"width":0.398624153812655,"length":0.7513517346854253,"height":1.5326321423053741,"angle":0.09817477021645508,"object_id":"pedestrian"},{"center":{"x":-5.809068105131406,"y":2.317197855276058,"z":-0.20173534750938416},"width":0.3911549906659895,"length":0.5755898463095108,"height":1.5225504040718079,"angle":2.8050437712269023,"object_id":"pedestrian"}]}