{"bounding boxes":[{"center":{"x":-3.80111069377341,"y":1.5733075449488823,"z":-0.31531816720962524},"width":0.5876547389770597,"length":0.7853204139415604,"height":1.656288743019104,"angle":0,"object_id":"pedestrian"},{"center":{"x":-7.268270030933545,"y":2.2704793635469507,"z":-0.26565492153167725},"width":0.42738551754124554,"length":0.5662858433933375,"height":1.3259789943695068,"angle":0,"object_id":"pedestrian"}]}