{"bounding boxes":[{"center":{"x":-2.7250962461192056,"y":1.5867801117419815,"z":-0.12956315279006958},"width":0.5193501069610345,"length":0.6671905016143793,"height":1.474961280822754,"angle":0,"object_id":"pedestrian"},{"center":{"x":-8.744273980747181,"y":2.430358901819627,"z":-0.31781841814517975},"width":0.5757331928640947,"length":0.7883017948641302,"height":1.5950596034526825,"angle":-0.43833663219149577,"object_id":"pedestrian"}]}