{"bounding boxes":[{"center":{"x":-1.4581689674445406,"y":1.7866127314797922,"z":-0.019929081201553345},"width":0.6393016457135915,"length":0.651140638192585,"height":1.2366374135017395,"angle":0.11044661673323698,"object_id":"pedestrian"},{"center":{"x":-10.256795094140273,"y":2.624469114365587,"z":-0.18138742446899414},"width":0.4997325506388215,"length":0.6060588567613818,"height":1.4842296838760376,"angle":0,"object_id":"pedestrian"}]}