{"bounding boxes":[{"center":{"x":-4.017689987765477,"y":2.829271063181915,"z":-0.26780015230178833},"width":0.43102730513359033,"length":0.6862728153291139,"height":1.726507544517517,"angle":-0.658515927014429,"object_id":"pedestrian"},{"center":{"x":-7.643062891451485,"y":1.5344727688788795,"z":-0.3945283144712448},"width":3.897982032387546,"length":2.1020345138253376,"height":1.6450635492801666,"angle":-0.20956830280822805,"object_id":"car"}]}