{"bounding boxes":[{"center":{"x":-3.6703538357704977,"y":2.604630333401469,"z":-0.2893719971179962},"width":0.7272446129058153,"length":0.41525916022042586,"height":1.6599687933921814,"angle":0.48090759668628186,"object_id":"pedestrian"},{"center":{"x":-6.124780835985019,"y":0.7856900636273811,"z":-0.39018709088487574},"width":3.1049257326558326,"length":1.961868028807792,"height":1.605906593300439,"angle":-0.3659454352099717,"object_id":"car"}]}