{"bounding boxes":[{"center":{"x":-3.253761657077117,"y":2.0722947820977016,"z":-0.2502422630786896},"width":0.4453217375958053,"length":0.6384232035683705,"height":1.6818775534629822,"angle":-0.4653549233131399,"object_id":"pedestrian"},{"center":{"x":-4.95107457390314,"y":-0.2591044798625446,"z":-0.3784700036048889},"width":1.9449311856929914,"length":3.9845595198771377,"height":1.630240559577942,"angle":0.9396838157646484,"object_id":"car"}]}