{"bounding boxes":[{"center":{"x":-2.6864102872287545,"y":1.4824377303200906,"z":-0.0857258141040802},"width":0.7274665931926494,"length":0.46630001027580115,"height":1.5688475966453552,"angle":0.4762658175628928,"object_id":"pedestrian"},{"center":{"x":-4.115478539982359,"y":-2.091568293999148,"z":-0.39756980538368225},"width":1.8729378061739614,"length":4.093224596111219,"height":1.5694312453269958,"angle":0.5075418244521713,"object_id":"car"}]}