{"bounding boxes":[{"center":{"x":-2.1192560863145546,"y":1.1016599836129524,"z":-0.009317487478256226},"width":0.47137866354373714,"length":0.6415003139556901,"height":1.2588958144187927,"angle":0,"object_id":"pedestrian"},{"center":{"x":-3.6230939188158713,"y":-3.886056493058758,"z":-0.38866256177425385},"width":1.8082399193684895,"length":3.9776460389546315,"height":1.716166764497757,"angle":0.26991516599229115,"object_id":"car"}]}