{"bounding boxes":[{"center":{"x":-3.4746621795158052,"y":-5.769318170161676,"z":-0.34341973066329956},"width":1.8639133542865822,"length":4.091031379180608,"height":1.8425246477127075,"angle":0.11470185049015946,"object_id":"car"},{"center":{"x":-1.3309049859395836,"y":1.369315608392033,"z":-0.011905670166015625},"width":0.5313224353487835,"length":0.7740818362551412,"height":1.031135082244873,"angle":0,"object_id":"pedestrian"}]}