{"bounding boxes":[{"center":{"x":-0.9268346313990623,"y":1.5616492556008092,"z":-0.003105834126472473},"width":0.6869473313879286,"length":0.4107583626767664,"height":0.963842123746872,"angle":0.35629715638552906,"object_id":"pedestrian"},{"center":{"x":-3.3842017910972353,"y":-7.516750127069706,"z":-0.403533935546875},"width":1.9773147387244145,"length":4.033723461096003,"height":2.1687891483306885,"angle":0.11598214785462047,"object_id":"car"}]}