{"bounding boxes":[{"center":{"x":-3.155828471397237,"y":-9.18677279813064,"z":-0.216140478849411},"width":2.425852218038805,"length":3.9748391856045457,"height":1.4907233119010925,"angle":0.027523579962072275,"object_id":"car"},{"center":{"x":-1.2522778612791732,"y":1.6544667684259222,"z":0.0012940764427185059},"width":0.6032044770755707,"length":0.712218422556011,"height":1.127933382987976,"angle":0.4090615433584243,"object_id":"pedestrian"}]}