{"bounding boxes":[{"center":{"x":-6.079901010544143,"y":2.0506200202545957,"z":-0.32616715133190155},"width":0.7414927991448552,"length":0.9589976050815454,"height":1.336260586977005,"angle":0,"object_id":"pedestrian"},{"center":{"x":-1.6952039911516628,"y":1.9319816641118743,"z":-0.033646464347839355},"width":0.7118327037088426,"length":0.7612654972353219,"height":1.4369633197784424,"angle":0,"object_id":"pedestrian"}]}