{"bounding boxes":[{"center":{"x":-1.7927125971609124,"y":2.159312516800423,"z":-0.06503915786743164},"width":0.6663605154698815,"length":0.41067824825018384,"height":1.4042010307312012,"angle":0,"object_id":"pedestrian"},{"center":{"x":-4.509832074928809,"y":1.7341573825124847,"z":-0.3523157835006714},"width":0.5031460908433721,"length":0.794739039159929,"height":1.5538771152496338,"angle":-0.1648773674375946,"object_id":"pedestrian"}]}