{"bounding boxes":[{"center":{"x":-2.9787240899906617,"y":1.6116472620561848,"z":-0.19662818312644958},"width":0.6865970587258885,"length":0.8730802876939991,"height":1.4257238507270813,"angle":0,"object_id":"pedestrian"},{"center":{"x":-1.7920133051310796,"y":2.243147106966785,"z":-0.05572667717933655},"width":0.6357378212410398,"length":0.47468434580853636,"height":1.4269670844078064,"angle":0,"object_id":"pedestrian"}]}