{"bounding boxes":[{"center":{"x":-1.392084719548568,"y":1.5531098489330868,"z":-0.013199776411056519},"width":0.7628841542632746,"length":0.7289787220772421,"height":1.0896281599998474,"angle":0.298614926731513,"object_id":"pedestrian"},{"center":{"x":-2.262740026720265,"y":1.8748938258154533,"z":-0.04952043294906616},"width":0.3899192813348368,"length":0.5340198086694239,"height":1.5522246360778809,"angle":0.298614926731513,"object_id":"pedestrian"}]}