{"bounding boxes":[{"center":{"x":-3.214168048617104,"y":2.163883966490473,"z":-0.24541518092155457},"width":0.47524694972044257,"length":0.6630716518491937,"height":1.7360487580299377,"angle":0,"object_id":"pedestrian"}]}