{"bounding boxes":[{"center":{"x":-4.160822429713143,"y":2.598926523081282,"z":-0.26258769631385803},"width":0.6281092585502481,"length":0.8616370349222664,"height":1.7414314150810242,"angle":0,"object_id":"pedestrian"}]}