{"bounding boxes":[{"center":{"x":-5.14795009578784,"y":2.7478665491186445,"z":-0.30933648347854614},"width":0.5451006675298729,"length":0.7057654348419211,"height":1.6443217992782593,"angle":0,"object_id":"car"}]}