{"bounding boxes":[{"center":{"x":-5.451197782287972,"y":2.0497046333635573,"z":-0.3155151903629303},"width":0.5368526240309056,"length":0.4537068048459593,"height":1.6395966410636902,"angle":0.40291249540258994,"object_id":"pedestrian"}]}