{"bounding boxes":[{"center":{"x":-4.839395453958751,"y":1.616757757447818,"z":-0.2556975185871124},"width":0.4452117582173818,"length":0.5439295681602816,"height":1.7525123953819275,"angle":0,"object_id":"pedestrian"}]}