{"bounding boxes":[{"center":{"x":-3.6525648160534425,"y":1.8554709966769658,"z":-0.2293393313884735},"width":0.4751783391727229,"length":0.6518975674639276,"height":1.77648264169693,"angle":0,"object_id":"pedestrian"}]}