{"bounding boxes":[{"center":{"x":-2.3667101492585774,"y":1.960389276754967,"z":-0.060915589332580566},"width":0.3350587341500897,"length":0.7773376802010465,"height":1.5408223867416382,"angle":0,"object_id":"car"}]}