{"bounding boxes":[{"center":{"x":-3.294820772018002,"y":2.166406193622934,"z":-0.2387368083000183},"width":0.5065525614639448,"length":0.6583459995998582,"height":1.7514759302139282,"angle":0,"object_id":"pedestrian"}]}