{"bounding boxes":[{"center":{"x":-4.112409041498326,"y":2.6793779344989486,"z":-0.2601223886013031},"width":0.47910547700630923,"length":0.7186582205231833,"height":1.7418630719184875,"angle":0,"object_id":"pedestrian"},{"center":{"x":-1.1766350752752848,"y":1.5813240859150692,"z":-0.01811733841896057},"width":0.5068205125689429,"length":0.6379559437102289,"height":1.141909658908844,"angle":0,"object_id":"pedestrian"}]}