{"bounding boxes":[{"center":{"x":-2.369323723862159,"y":1.7550717772780824,"z":-0.11534896492958069},"width":0.429462243331899,"length":0.6977581427191039,"height":1.391579806804657,"angle":0.5127891222240795,"object_id":"pedestrian"},{"center":{"x":-5.121393834849318,"y":2.828963601518716,"z":-0.30399632453918457},"width":0.46074652529898064,"length":0.7549154978478567,"height":1.645843267440796,"angle":0,"object_id":"pedestrian"}]}