{"bounding boxes":[{"center":{"x":-3.3619843180291946,"y":1.8084236318241729,"z":-0.25907328724861145},"width":1.0256936454157572,"length":0.6651045888028679,"height":1.710802972316742,"angle":0.22192523636108163,"object_id":"pedestrian"},{"center":{"x":-6.115279046848528,"y":2.804553669136272,"z":-0.2548695504665375},"width":0.4975904240548538,"length":0.6143468781767523,"height":1.7041214108467102,"angle":-0.020453077248459444,"object_id":"pedestrian"}]}