{"bounding boxes":[{"center":{"x":-4.142899847905323,"y":2.101049580126923,"z":-0.27956509590148926},"width":0.6362192143980763,"length":0.8461060714081929,"height":1.7056770324707031,"angle":0,"object_id":"pedestrian"},{"center":{"x":-6.792562181486468,"y":2.870875743956847,"z":-0.36805737018585205},"width":0.49088712586201666,"length":0.557647862493976,"height":1.5146644115447998,"angle":0,"object_id":"pedestrian"}]}