{"bounding boxes":[{"center":{"x":-6.863750932098585,"y":2.1765963611291026,"z":-0.24986380338668823},"width":0.4742975299769201,"length":0.6048381156083624,"height":1.7673207521438599,"angle":0,"object_id":"pedestrian"},{"center":{"x":-4.961349671136616,"y":1.9865429272280681,"z":-0.30006587505340576},"width":0.4805900774283298,"length":0.8644377605011286,"height":1.5323495864868164,"angle":0,"object_id":"pedestrian"}]}