{"bounding boxes":[{"center":{"x":-6.8086366215982235,"y":1.7614695600620172,"z":-0.2610018253326416},"width":0.5061144174875902,"length":0.7029366599175914,"height":1.7456703186035156,"angle":0.004090615274106082,"object_id":"pedestrian"},{"center":{"x":-5.704354236326376,"y":1.9431283382278355,"z":-0.3062293529510498},"width":0.4779967429048149,"length":0.8547707657114562,"height":1.6398506164550781,"angle":0.004090615274106082,"object_id":"pedestrian"}]}