{"bounding boxes":[{"center":{"x":-3.382588592025665,"y":1.8362249155639008,"z":-0.25907328724861145},"width":1.1646521080906251,"length":0.5765600427182187,"height":1.710802972316742,"angle":0,"object_id":"pedestrian"},{"center":{"x":-6.057832540561285,"y":2.8221437987576516,"z":-0.26894864439964294},"width":0.7725920606789796,"length":0.8648416597448487,"height":1.7322795987129211,"angle":0,"object_id":"pedestrian"}]}