{"bounding boxes":[{"center":{"x":-6.86935838580856,"y":1.806256538157304,"z":-0.25535234808921814},"width":0.35398062990141715,"length":0.5622663888576185,"height":1.7594721913337708,"angle":0.3016196613623775,"object_id":"pedestrian"},{"center":{"x":-5.912206645474534,"y":2.029659197864418,"z":-0.3455299139022827},"width":0.6641423474293199,"length":0.376333708423101,"height":1.3563544750213623,"angle":0.5608545651350295,"object_id":"pedestrian"}]}