{"bounding boxes":[{"center":{"x":-6.670183659474423,"y":2.4618952341536877,"z":-0.24867939949035645},"width":0.2760605431119219,"length":0.46909373815329697,"height":1.7684381008148193,"angle":0.39681936345486507,"object_id":"pedestrian"},{"center":{"x":-6.075228556752836,"y":2.5718539424944193,"z":-0.3575489968061447},"width":0.38819337373570983,"length":0.7445103234985573,"height":1.4092821180820465,"angle":-0.4541519365044171,"object_id":"pedestrian"}]}