{"bounding boxes":[{"center":{"x":-5.560062172986533,"y":2.92966772676634,"z":-0.12303191423416138},"width":0.41065584901918467,"length":0.7930881014822193,"height":1.3445748090744019,"angle":-0.393262774144591,"object_id":"pedestrian"},{"center":{"x":-6.779240696309734,"y":2.4312398664863872,"z":-0.2588229477405548},"width":0.39176239783366246,"length":0.7300428894796969,"height":1.7500280737876892,"angle":-0.26840770328216373,"object_id":"pedestrian"}]}