{"bounding boxes":[{"center":{"x":-6.0888909186791,"y":1.994907825238828,"z":-0.22357136011123657},"width":0.39582851184974843,"length":0.6209457552252752,"height":1.5595985651016235,"angle":-0.45649779696923937,"object_id":"pedestrian"},{"center":{"x":-4.919807547074656,"y":3.1158856445771583,"z":-0.31075677275657654},"width":0.4774166529210176,"length":0.6147462695545011,"height":1.6346119046211243,"angle":-0.45881689186074825,"object_id":"pedestrian"}]}