{"bounding boxes":[{"center":{"x":-4.732012980614638,"y":2.994601368839139,"z":-0.3173193037509918},"width":0.43048408293097695,"length":0.6369232481049842,"height":1.6146177649497986,"angle":-0.42167937094690866,"object_id":"pedestrian"},{"center":{"x":-5.387183792393227,"y":1.6396564969281235,"z":-0.3191402703523636},"width":0.4284842530994691,"length":0.6096018764810772,"height":1.6186083257198334,"angle":0.10729020950360141,"object_id":"pedestrian"}]}