{"bounding boxes":[{"center":{"x":-4.758727529834335,"y":1.9292629533303303,"z":-0.20068135857582092},"width":0.38318718813055525,"length":0.6486564858372288,"height":1.651742160320282,"angle":0.2954432951118394,"object_id":"pedestrian"},{"center":{"x":-4.946331655662229,"y":2.513694389922887,"z":-0.29915012419223785},"width":0.5427724559430145,"length":0.3192767343124679,"height":1.5845546424388885,"angle":2.505380133040149,"object_id":"pedestrian"}]}