{"bounding boxes":[{"center":{"x":-4.155819820296868,"y":2.371326107410307,"z":-0.27460652589797974},"width":0.23661986789331646,"length":0.6143439424362795,"height":1.7020970582962036,"angle":0,"object_id":"pedestrian"},{"center":{"x":-5.611142923974372,"y":2.146226388322713,"z":-0.3011438548564911},"width":0.4579102702753053,"length":0.5218831770040049,"height":1.6607070565223694,"angle":0,"object_id":"pedestrian"}]}