{"bounding boxes":[{"center":{"x":-6.2841668368427595,"y":1.7502285478917217,"z":-0.3459693640470505},"width":0.7171700186009238,"length":0.6632980915009794,"height":1.3898910582065582,"angle":0,"object_id":"pedestrian"},{"center":{"x":-3.6697002884951426,"y":2.4354108693753127,"z":-0.2136532962322235},"width":0.47137895457990364,"length":0.693600436627464,"height":1.802678406238556,"angle":0,"object_id":"pedestrian"}]}