{"bounding boxes":[{"center":{"x":-3.155970536990068,"y":2.0364318942872206,"z":-0.14226579666137695},"width":0.55075938895662,"length":0.5715071391669064,"height":1.759103536605835,"angle":0,"object_id":"pedestrian"},{"center":{"x":-7.201680587432179,"y":1.6172542212079897,"z":-0.39610227942466736},"width":0.5032814668323198,"length":0.7195782125156467,"height":1.5805934071540833,"angle":0,"object_id":"pedestrian"}]}