{"bounding boxes":[{"center":{"x":-2.6634833719476485,"y":1.4826339678558969,"z":-0.03694450855255127},"width":0.6699261930551375,"length":0.7562045711718919,"height":1.4748841524124146,"angle":0,"object_id":"pedestrian"},{"center":{"x":-8.121855278114056,"y":1.6162291072214239,"z":-0.3035856783390045},"width":0.45058810238563396,"length":0.7122199839922505,"height":1.481181800365448,"angle":0,"object_id":"pedestrian"}]}