{"bounding boxes":[{"center":{"x":-4.283130939262627,"y":2.1161635744708738,"z":-0.3533981740474701},"width":0.7005832885312655,"length":0.70863619247748,"height":1.550812542438507,"angle":0,"object_id":"pedestrian"},{"center":{"x":-6.837656180536657,"y":2.82815768493562,"z":-0.23605290055274963},"width":0.4810967410953948,"length":0.6374985885538367,"height":1.778047502040863,"angle":0,"object_id":"pedestrian"}]}