{"bounding boxes":[{"center":{"x":-2.4707369504647465,"y":1.2025006364408106,"z":-0.020964354276657104},"width":0.5858564218198996,"length":0.6060584018950074,"height":1.4436926245689392,"angle":0,"object_id":"pedestrian"},{"center":{"x":-8.685966020939372,"y":1.4248003492449919,"z":-0.31539739668369293},"width":0.32882157727764505,"length":0.45095666533993395,"height":1.5579786002635956,"angle":2.3969255285184357,"object_id":"pedestrian"}]}