{"bounding boxes":[{"center":{"x":-2.6046699854911255,"y":1.0327541161224834,"z":-0.05028894543647766},"width":0.503840298748115,"length":0.8473678909192863,"height":1.3953961730003357,"angle":0,"object_id":"pedestrian"},{"center":{"x":-8.514747203951703,"y":1.5484383366517986,"z":-0.319696381688118},"width":0.42157409991939865,"length":0.6193036154331693,"height":1.5347562730312347,"angle":0,"object_id":"pedestrian"}]}