{"bounding boxes":[{"center":{"x":-3.4033774229405584,"y":1.3203384116263388,"z":-0.14693215489387512},"width":0.47346497064546256,"length":0.7013789597269502,"height":1.7104303240776062,"angle":0,"object_id":"pedestrian"},{"center":{"x":-7.608173035525573,"y":1.7380085042825404,"z":-0.27218881249427795},"width":0.2822317417617315,"length":0.6790552841085591,"height":1.3631213307380676,"angle":0,"object_id":"pedestrian"}]}