{"bounding boxes":[{"center":{"x":-4.360262063161606,"y":1.8402790295472187,"z":-0.26793164014816284},"width":0.6190798087933986,"length":0.6567145147852759,"height":1.7199457883834839,"angle":0.08181230875028836,"object_id":"pedestrian"},{"center":{"x":-6.596438955282534,"y":1.7023982429079996,"z":-0.3623334914445877},"width":0.265975176305487,"length":0.5697000920161903,"height":1.4328771531581879,"angle":-0.38307414162878467,"object_id":"pedestrian"}]}