{"bounding boxes":[{"center":{"x":-5.430050583106221,"y":1.5462432927100886,"z":-0.31637245416641235},"width":0.41999769987860525,"length":0.6107941941412269,"height":1.6210910081863403,"angle":0,"object_id":"pedestrian"},{"center":{"x":-5.596046630021826,"y":2.2400478242404995,"z":-0.29879066348075867},"width":0.34349039024127287,"length":0.5724101936320456,"height":1.6654134392738342,"angle":2.9176103281788057,"object_id":"pedestrian"}]}