{"bounding boxes":[{"center":{"x":-4.373936266896074,"y":1.4788763178004392,"z":-0.27806612849235535},"width":0.3436382243363631,"length":0.7330873116505148,"height":1.6870797276496887,"angle":-0.4223845205760129,"object_id":"car"}]}