{"bounding boxes":[{"center":{"x":-3.2835979681740346,"y":1.615112060426364,"z":-0.22807788848876953},"width":0.5166779462074333,"length":0.75859320097291,"height":1.614396572113037,"angle":-0.2674087130148339,"object_id":"pedestrian"},{"center":{"x":-7.992955389347851,"y":2.5136313964447683,"z":-0.29375989735126495},"width":0.4924581726036106,"length":0.6193035126024746,"height":1.4745095670223236,"angle":0,"object_id":"pedestrian"}]}