{"bounding boxes":[{"center":{"x":-4.201919854949828,"y":2.8625349460537235,"z":-0.2608256936073303},"width":0.5165674566001728,"length":0.7336276617249236,"height":1.7359575033187866,"angle":1.912411038676888,"object_id":"pedestrian"}]}