{"bounding boxes":[{"center":{"x":-3.7848613760212184,"y":2.7953056761369544,"z":-0.28258392214775085},"width":0.38297336627285133,"length":0.6698996170789113,"height":1.6951404213905334,"angle":-0.767476986785567,"object_id":"pedestrian"},{"center":{"x":-6.615988466362748,"y":1.2393865410307738,"z":-0.40813036262989044},"width":3.6162556963426997,"length":2.102302325258457,"height":1.568851798772812,"angle":-0.35738245405227803,"object_id":"car"}]}