{"bounding boxes":[{"center":{"x":-5.743986953103703,"y":0.43781376340518263,"z":-0.41380006074905396},"width":2.087105512008039,"length":4.167432263653058,"height":1.5330888032913208,"angle":1.0253296603666426,"object_id":"car"},{"center":{"x":-3.404569396054654,"y":2.338086633552558,"z":-0.23231160640716553},"width":0.5849846681884631,"length":0.36870399870173454,"height":1.770538091659546,"angle":0.4955411107797237,"object_id":"pedestrian"}]}