{"bounding boxes":[{"center":{"x":-5.20218831436252,"y":1.9808300921532451,"z":-0.32187506556510925},"width":0.610472940452488,"length":0.8284995087764406,"height":1.6146650910377502,"angle":0,"object_id":"pedestrian"},{"center":{"x":-7.008172824000225,"y":2.137082066407424,"z":-0.25212985277175903},"width":0.5596003075037439,"length":0.7630917809346083,"height":1.7627886533737183,"angle":0,"object_id":"pedestrian"}]}