{"bounding boxes":[{"center":{"x":-3.0480540807536745,"y":1.8223152039729995,"z":-0.1440814733505249},"width":0.47753451407906056,"length":0.5521492805227108,"height":1.6291685104370117,"angle":0,"object_id":"pedestrian"},{"center":{"x":-4.576395365771985,"y":-0.9457970689187218,"z":-0.38530467450618744},"width":1.8217299348485763,"length":3.915918425444885,"height":1.6156714260578156,"angle":0.7281295479534028,"object_id":"car"}]}