{"bounding boxes":[{"center":{"x":-2.4753123952155733,"y":1.340713826123999,"z":-0.06702271103858948},"width":0.7296876311161195,"length":0.5385501230337898,"height":1.4333626627922058,"angle":0.5922224356446796,"object_id":"pedestrian"},{"center":{"x":-4.006397760465564,"y":-2.5487515665965006,"z":-0.40116438269615173},"width":1.950826377834615,"length":4.256366687491008,"height":1.5539599061012268,"angle":0.44089786084147775,"object_id":"car"}]}