{"bounding boxes":[{"center":{"x":-2.0008786147582827,"y":1.0736379144904513,"z":-0.012940943241119385},"width":0.3464643451953935,"length":0.5520463227580737,"height":1.2299081087112427,"angle":0,"object_id":"pedestrian"},{"center":{"x":-3.5930940163628504,"y":-4.239621310491238,"z":-0.3673887997865677},"width":1.9622579353059766,"length":3.9287004765217572,"height":1.6938394010066986,"angle":0.17711776306155216,"object_id":"car"}]}