{"bounding boxes":[{"center":{"x":-1.3786585162013862,"y":1.2646746461801461,"z":-0.011905670166015625},"width":0.4820911223927513,"length":0.6726181654879737,"height":1.031135082244873,"angle":0,"object_id":"pedestrian"},{"center":{"x":-3.4664026663635963,"y":-5.622163599894833,"z":-0.34341973066329956},"width":2.0565127781810513,"length":3.995947819867711,"height":1.8425246477127075,"angle":0.1690566129911641,"object_id":"car"}]}