{"bounding boxes":[{"center":{"x":-0.9580440635402009,"y":1.4903860021719253,"z":-0.006470471620559692},"width":0.4347783446200607,"length":0.7304107501703433,"height":0.9415836930274963,"angle":-0.584287669765015,"object_id":"pedestrian"},{"center":{"x":-3.439984805995581,"y":-7.539355008478498,"z":-0.389321893453598},"width":2.0527345665557375,"length":4.275260614077659,"height":2.116310179233551,"angle":-3.114006405161316,"object_id":"car"}]}