{"bounding boxes":[{"center":{"x":-1.1262548389293134,"y":1.4946555646601691,"z":0.03597584366798401},"width":0.49464836609926643,"length":0.36668916058768786,"height":1.0264763236045837,"angle":0,"object_id":"pedestrian"}]}