{"bounding boxes":[{"center":{"x":-1.7572554589684177,"y":1.93886336503433,"z":-0.021481990814208984},"width":0.4766460758147274,"length":0.5426766001735197,"height":1.4540454149246216,"angle":0.024543692675108763,"object_id":"pedestrian"}]}