{"bounding boxes":[{"center":{"x":-1.756555046589634,"y":2.1833018198315184,"z":-0.06503915786743164},"width":0.45717112937068977,"length":0.5280806004601419,"height":1.4042010307312012,"angle":0.7846136505899732,"object_id":"pedestrian"},{"center":{"x":-4.527409737787474,"y":1.7384573322477626,"z":-0.351190984249115},"width":0.4498792491327624,"length":0.7739979246884644,"height":1.551627516746521,"angle":2.829752338120734,"object_id":"pedestrian"}]}