{"bounding boxes":[{"center":{"x":-1.7284045196302418,"y":2.182908051938545,"z":-0.056524842977523804},"width":0.4690834610226542,"length":0.3462282718766021,"height":1.4222648739814758,"angle":0,"object_id":"pedestrian"},{"center":{"x":-3.2144184997898875,"y":1.4534069808877788,"z":-0.1745142638683319},"width":0.6333311970471938,"length":0.742085086238329,"height":1.4440698027610779,"angle":0,"object_id":"pedestrian"}]}