{"bounding boxes":[{"center":{"x":-2.0364478272103703,"y":2.030291277255464,"z":-0.0491161048412323},"width":0.2845788501983109,"length":0.39063088575625654,"height":1.4650347828865051,"angle":0.22907446392185712,"object_id":"pedestrian"},{"center":{"x":-1.8352923927374807,"y":1.4048645434381075,"z":-0.06415775418281555},"width":0.683938227686948,"length":0.6164494878114285,"height":1.186485230922699,"angle":0.22907446392185712,"object_id":"pedestrian"}]}