{"bounding boxes":[{"center":{"x":-5.835483441483168,"y":1.7683819279225532,"z":-0.29684239625930786},"width":0.6091892495584474,"length":0.6320911137104535,"height":1.651755452156067,"angle":0,"object_id":"pedestrian"},{"center":{"x":-6.882434373321425,"y":1.633990243325397,"z":-0.2608811855316162},"width":0.4395350025845719,"length":0.6303059319100055,"height":1.7440345287322998,"angle":0,"object_id":"pedestrian"}]}