{"bounding boxes":[{"center":{"x":-0.44708073044463903,"y":1.58305108157647,"z":-0.004658743739128113},"width":0.6875743922850377,"length":0.6344115770020191,"height":0.8644556105136871,"angle":-0.22498384915654993,"object_id":"pedestrian"},{"center":{"x":-2.861235546514164,"y":2.102783602145024,"z":-0.11823350191116333},"width":0.48700736291219393,"length":0.6965443659535668,"height":1.6301358938217163,"angle":-0.22498384915654993,"object_id":"pedestrian"}]}