{"bounding boxes":[{"center":{"x":-3.7021929017100224,"y":2.30766086811282,"z":-0.28558939695358276},"width":0.4309222311438926,"length":0.6106522953348674,"height":1.6660529375076294,"angle":-0.6370678552824748,"object_id":"pedestrian"}]}