{"bounding boxes":[{"center":{"x":-4.611476696439933,"y":2.6496375448956493,"z":-0.20480921864509583},"width":0.30843375719522936,"length":0.5794051635148775,"height":1.7175201773643494,"angle":-0.07730673863476557,"object_id":"pedestrian"}]}