{"bounding boxes":[{"center":{"x":-5.244105008576745,"y":2.558263374909979,"z":-0.30866754055023193},"width":0.5167230387382773,"length":0.6324690115014078,"height":1.6510021686553955,"angle":0,"object_id":"pedestrian"}]}