{"bounding boxes":[{"center":{"x":-5.497589289430165,"y":1.9913743884991955,"z":-0.3147519528865814},"width":0.6953015826940181,"length":0.6547000534863454,"height":1.6380701661109924,"angle":0,"object_id":"car"}]}