{"bounding boxes":[{"center":{"x":-4.861069368582704,"y":1.655746797315298,"z":-0.2554725706577301},"width":0.3792297889337908,"length":0.6450450893226622,"height":1.7520624995231628,"angle":0,"object_id":"pedestrian"}]}