{"bounding boxes":[{"center":{"x":-3.8433974061885854,"y":1.8139468928475322,"z":-0.21911704540252686},"width":0.37762444267435,"length":0.6164163465637432,"height":1.7979624271392822,"angle":0.3179499018771554,"object_id":"pedestrian"}]}