{"bounding boxes":[{"center":{"x":-2.760782762354996,"y":1.93236103013757,"z":-0.10410815477371216},"width":0.480313736779292,"length":0.5674399152357159,"height":1.4927424192428589,"angle":0,"object_id":"pedestrian"}]}