{"bounding boxes":[{"center":{"x":-6.81713983138005,"y":2.1868998111421503,"z":-0.24609819054603577},"width":0.4158155832132949,"length":0.6109246279924241,"height":1.7754775881767273,"angle":0.4636475760507971,"object_id":"pedestrian"},{"center":{"x":-6.13249089067871,"y":2.3529305070982636,"z":-0.37163953483104706},"width":0.4438378792835449,"length":0.9050813313212731,"height":1.4249025881290436,"angle":0,"object_id":"pedestrian"}]}