{"bounding boxes":[{"center":{"x":-6.813028120377311,"y":2.4729522242982056,"z":-0.24939227104187012},"width":0.4736882222366665,"length":0.8341681632977531,"height":1.7695152759552002,"angle":0,"object_id":"pedestrian"},{"center":{"x":-5.806335020473384,"y":2.9748642982270175,"z":-0.2432597279548645},"width":0.5693935460427284,"length":0.8194315590149708,"height":1.6059478521347046,"angle":-0.5819052490389537,"object_id":"pedestrian"}]}